,week,category,weekly_rank,show_title,season_title,weekly_hours_viewed,cumulative_weeks_in_top_10
0,2022-09-25,Films (English),1,Do Revenge,,42550000,2
1,2022-09-25,Films (English),2,Lou,,40570000,1
2,2022-09-25,Films (English),3,Father Stu,,13770000,1
3,2022-09-25,Films (English),4,I Used to Be Famous,,11630000,1
4,2022-09-25,Films (English),5,A Jazzman's Blues,,7820000,1
5,2022-09-25,Films (English),6,Me Time,,6230000,5
6,2022-09-25,Films (English),7,Minions & More Volume 1,,5660000,1
7,2022-09-25,Films (English),8,End of the Road,,5540000,3
8,2022-09-25,Films (English),9,This Is the End,,5320000,2
9,2022-09-25,Films (English),10,Dolittle,,5130000,2
10,2022-09-25,Films (Non-English),1,The Perfumier,,9380000,1
11,2022-09-25,Films (Non-English),2,ATHENA,,6920000,1
12,2022-09-25,Films (Non-English),3,No Limit,,5800000,3
13,2022-09-25,Films (Non-English),4,The Catholic School,,4900000,2
14,2022-09-25,Films (Non-English),5,Drifting Home,,4730000,2
15,2022-09-25,Films (Non-English),6,Mat Kilau,,4130000,2
16,2022-09-25,Films (Non-English),7,Loving Adults,,3860000,5
17,2022-09-25,Films (Non-English),8,El Jeremías,,3820000,2
18,2022-09-25,Films (Non-English),9,Fullmetal Alchemist The Final Alchemy,,3350000,1
19,2022-09-25,Films (Non-English),10,Broad Peak,,3210000,2
40,2022-09-18,Films (English),1,End of the Road,,27190000,2
41,2022-09-18,Films (English),2,Do Revenge,,26670000,1
42,2022-09-18,Films (English),3,Love in the Villa,,8870000,3
43,2022-09-18,Films (English),4,Me Time,,7910000,4
44,2022-09-18,Films (English),5,Morbius,,7530000,2
45,2022-09-18,Films (English),6,I Came By,,7360000,3
46,2022-09-18,Films (English),7,Despicable Me 2,,7160000,9
47,2022-09-18,Films (English),8,The Invisible Man,,6530000,1
48,2022-09-18,Films (English),9,Dolittle,,5580000,1
49,2022-09-18,Films (English),10,This Is the End,,5250000,1
50,2022-09-18,Films (Non-English),1,No Limit,,25490000,2
51,2022-09-18,Films (Non-English),2,The Catholic School,,6430000,1
52,2022-09-18,Films (Non-English),3,Ek Villain Returns,,5160000,2
53,2022-09-18,Films (Non-English),4,Loving Adults,,4900000,4
54,2022-09-18,Films (Non-English),5,Mat Kilau,,3970000,1
55,2022-09-18,Films (Non-English),6,Broad Peak,,3390000,1
56,2022-09-18,Films (Non-English),7,Jogi,,3080000,1
57,2022-09-18,Films (Non-English),8,El Jeremías,,2970000,1
58,2022-09-18,Films (Non-English),9,Fenced In,,2900000,3
59,2022-09-18,Films (Non-English),10,Drifting Home,,2370000,1
80,2022-09-11,Films (English),1,End of the Road,,30210000,1
81,2022-09-11,Films (English),2,Love in the Villa,,29530000,2
82,2022-09-11,Films (English),3,I Came By,,26800000,2
83,2022-09-11,Films (English),4,Me Time,,20660000,3
84,2022-09-11,Films (English),5,Morbius,,12200000,1
85,2022-09-11,Films (English),6,White Chicks,,9210000,1
86,2022-09-11,Films (English),7,Despicable Me 2,,7590000,8
87,2022-09-11,Films (English),8,Hanna,,7120000,1
88,2022-09-11,Films (English),9,Triple 9,,6530000,1
89,2022-09-11,Films (English),10,Labor Day,,6510000,1
90,2022-09-11,Films (Non-English),1,No Limit,,13530000,1
91,2022-09-11,Films (Non-English),2,Loving Adults,,12590000,3
92,2022-09-11,Films (Non-English),3,Fenced In,,9830000,2
93,2022-09-11,Films (Non-English),4,Under Her Control,,6550000,2
94,2022-09-11,Films (Non-English),5,Ek Villain Returns,,4750000,1
95,2022-09-11,Films (Non-English),6,Seoul Vibe,,3760000,3
96,2022-09-11,Films (Non-English),7,HIT: The First Case,,2700000,2
97,2022-09-11,Films (Non-English),8,"For Better, for Worse",,2540000,1
98,2022-09-11,Films (Non-English),9,HollyBlood,,2370000,1
99,2022-09-11,Films (Non-English),10,The Festival of Troubadours,,1960000,1
120,2022-09-04,Films (English),1,Me Time,,56560000,2
121,2022-09-04,Films (English),2,Love in the Villa,,41220000,1
122,2022-09-04,Films (English),3,I Came By,,30790000,1
123,2022-09-04,Films (English),4,That's Amor,,17420000,2
124,2022-09-04,Films (English),5,Look Both Ways,,11780000,3
125,2022-09-04,Films (English),6,Day Shift,,9450000,4
126,2022-09-04,Films (English),7,The Next 365 Days,,9070000,3
127,2022-09-04,Films (English),8,Purple Hearts,,7520000,6
128,2022-09-04,Films (English),9,The Gray Man,,6260000,6
129,2022-09-04,Films (English),10,Collateral,,6100000,1
130,2022-09-04,Films (Non-English),1,Loving Adults,,29940000,2
131,2022-09-04,Films (Non-English),2,Under Her Control,,15700000,1
132,2022-09-04,Films (Non-English),3,Fenced In,,9410000,1
133,2022-09-04,Films (Non-English),4,Seoul Vibe,,8670000,2
134,2022-09-04,Films (Non-English),5,HIT: The First Case,,7300000,1
135,2022-09-04,Films (Non-English),6,The Figo Affair: The Transfer that Changed Football,,3700000,2
136,2022-09-04,Films (Non-English),7,School Life,,3420000,1
137,2022-09-04,Films (Non-English),8,Royalteen,,3040000,3
138,2022-09-04,Films (Non-English),9,Rise of the Legend,,2630000,1
139,2022-09-04,Films (Non-English),10,"Watch Out, We're Mad",,2580000,2
160,2022-08-28,Films (English),1,Me Time,,59230000,1
161,2022-08-28,Films (English),2,Look Both Ways,,29890000,2
162,2022-08-28,Films (English),3,The Next 365 Days,,27010000,2
163,2022-08-28,Films (English),4,Day Shift,,20460000,3
164,2022-08-28,Films (English),5,Purple Hearts,,12360000,5
165,2022-08-28,Films (English),6,The Mummy,,11540000,1
166,2022-08-28,Films (English),7,Running with the Devil: The Wild World of John McAfee,,10630000,1
167,2022-08-28,Films (English),8,Untold: The Girlfriend Who Didn't Exist,,10480000,2
168,2022-08-28,Films (English),9,That's Amor,,10470000,1
169,2022-08-28,Films (English),10,The Great Wall,,10090000,1
170,2022-08-28,Films (Non-English),1,Loving Adults,,17480000,1
171,2022-08-28,Films (Non-English),2,Royalteen,,10440000,2
172,2022-08-28,Films (Non-English),3,Fullmetal Alchemist The Revenge of Scar,,8310000,2
173,2022-08-28,Films (Non-English),4,Seoul Vibe,,7200000,1
174,2022-08-28,Films (Non-English),5,The Figo Affair: The Transfer that Changed Football,,3460000,1
175,2022-08-28,Films (Non-English),6,The Assistant,,3190000,1
176,2022-08-28,Films (Non-English),7,Blood Red Sky,,2930000,15
177,2022-08-28,Films (Non-English),8,Carter,,2890000,4
178,2022-08-28,Films (Non-English),9,Darlings,,2470000,4
179,2022-08-28,Films (Non-English),10,"Watch Out, We're Mad",,2400000,1
200,2022-08-21,Films (English),1,Day Shift,,63390000,2
201,2022-08-21,Films (English),2,Look Both Ways,,48060000,1
202,2022-08-21,Films (English),3,The Next 365 Days,,39310000,1
203,2022-08-21,Films (English),4,Purple Hearts,,23410000,4
204,2022-08-21,Films (English),5,Untold: The Girlfriend Who Didn't Exist,,20050000,1
205,2022-08-21,Films (English),6,The Gray Man,,14640000,5
206,2022-08-21,Films (English),7,The Angry Birds Movie 2,,11470000,1
207,2022-08-21,Films (English),8,Uncharted,,8660000,3
208,2022-08-21,Films (English),9,The Sea Beast,,8120000,7
209,2022-08-21,Films (English),10,Inside the Mind of a Cat,,6990000,1
210,2022-08-21,Films (Non-English),1,Royalteen,,11910000,1
211,2022-08-21,Films (Non-English),2,Code Name: Emperor,,10100000,2
212,2022-08-21,Films (Non-English),3,Carter,,7180000,3
213,2022-08-21,Films (Non-English),4,Fullmetal Alchemist The Revenge of Scar,,5820000,1
214,2022-08-21,Films (Non-English),5,Darlings,,5640000,3
215,2022-08-21,Films (Non-English),6,Blood Red Sky,,5180000,14
216,2022-08-21,Films (Non-English),7,Bank Robbers: The Last Great Heist,,4070000,2
217,2022-08-21,Films (Non-English),8,Shabaash Mithu (Hindi),,3750000,2
218,2022-08-21,Films (Non-English),9,Nikamma,,2880000,1
219,2022-08-21,Films (Non-English),10,RRR (Hindi),,2250000,14
240,2022-08-14,Films (English),1,Day Shift,,56510000,1
241,2022-08-14,Films (English),2,Purple Hearts,,46370000,3
242,2022-08-14,Films (English),3,Uncharted,,23710000,2
243,2022-08-14,Films (English),4,The Gray Man,,21160000,4
244,2022-08-14,Films (English),5,Wedding Season,,19010000,2
245,2022-08-14,Films (English),6,The Sea Beast,,10850000,6
246,2022-08-14,Films (English),7,1917,,10840000,1
247,2022-08-14,Films (English),8,Flight,,10710000,1
248,2022-08-14,Films (English),9,The Informer,,8330000,1
249,2022-08-14,Films (English),10,Sing 2,,7270000,8
250,2022-08-14,Films (Non-English),1,Carter,,26670000,2
251,2022-08-14,Films (Non-English),2,Darlings,,13960000,2
252,2022-08-14,Films (Non-English),3,Code Name: Emperor,,9710000,1
253,2022-08-14,Films (Non-English),4,Bank Robbers: The Last Great Heist,,6610000,1
254,2022-08-14,Films (Non-English),5,Don’t Blame Karma!,,5420000,2
255,2022-08-14,Films (Non-English),6,Blood Red Sky,,3540000,13
256,2022-08-14,Films (Non-English),7,Shabaash Mithu (Hindi),,3360000,1
257,2022-08-14,Films (Non-English),8,Recurrence,,2880000,3
258,2022-08-14,Films (Non-English),9,Heartsong,,2500000,1
259,2022-08-14,Films (Non-English),10,RRR (Hindi),,2320000,13
280,2022-08-07,Films (English),1,Purple Hearts,,102590000,2
281,2022-08-07,Films (English),2,The Gray Man,,38900000,3
282,2022-08-07,Films (English),3,Uncharted,,20650000,1
283,2022-08-07,Films (English),4,Wedding Season,,18600000,1
284,2022-08-07,Films (English),5,The Sea Beast,,14340000,5
285,2022-08-07,Films (English),6,Spider-Man: Far from Home,,11320000,2
286,2022-08-07,Films (English),7,The Age of Adaline,,9340000,1
287,2022-08-07,Films (English),8,Tower Heist,,8700000,1
288,2022-08-07,Films (English),9,Men in Black 3,,8680000,1
289,2022-08-07,Films (English),10,Sing 2,,7950000,7
290,2022-08-07,Films (Non-English),1,Carter,,27300000,1
291,2022-08-07,Films (Non-English),2,Don’t Blame Karma!,,12310000,1
292,2022-08-07,Films (Non-English),3,Recurrence,,11370000,2
293,2022-08-07,Films (Non-English),4,Darlings,,10210000,1
294,2022-08-07,Films (Non-English),5,The Entitled,,6460000,2
295,2022-08-07,Films (Non-English),6,Too Old for Fairy Tales,,4070000,3
296,2022-08-07,Films (Non-English),7,Buba,,3080000,1
297,2022-08-07,Films (Non-English),8,Blood Red Sky,,2590000,12
298,2022-08-07,Films (Non-English),9,RRR (Hindi),,2550000,12
299,2022-08-07,Films (Non-English),10,Incantation,,2430000,5
320,2022-07-31,Films (English),1,The Gray Man,,96470000,2
321,2022-07-31,Films (English),2,Purple Hearts,,48230000,1
322,2022-07-31,Films (English),3,The Sea Beast,,21070000,4
323,2022-07-31,Films (English),4,Persuasion,,11070000,3
324,2022-07-31,Films (English),5,Sing 2,,9370000,6
325,2022-07-31,Films (English),6,Spider-Man: Far from Home,,8300000,1
326,2022-07-31,Films (English),7,The Man from Toronto,,7620000,6
327,2022-07-31,Films (English),8,Shania Twain: Not Just a Girl,,4640000,1
328,2022-07-31,Films (English),9,Line of Duty,,4140000,1
329,2022-07-31,Films (English),10,Red Notice,,4090000,14
330,2022-07-31,Films (Non-English),1,Recurrence,,23160000,1
331,2022-07-31,Films (Non-English),2,Too Old for Fairy Tales,,11450000,2
332,2022-07-31,Films (Non-English),3,Incantation,,4120000,4
333,2022-07-31,Films (Non-English),4,Major Grom: Plague Doctor,,3680000,7
334,2022-07-31,Films (Non-English),5,The Entitled,,3220000,1
335,2022-07-31,Films (Non-English),6,A Cut Above,,2740000,1
336,2022-07-31,Films (Non-English),7,RRR (Hindi),,2670000,11
337,2022-07-31,Films (Non-English),8,Live is Life,,2360000,2
338,2022-07-31,Films (Non-English),9,Foot Fairy (Hindi),,2200000,1
339,2022-07-31,Films (Non-English),10,Dangerous Liaisons,,2150000,4
360,2022-07-24,Films (English),1,The Gray Man,,88550000,1
361,2022-07-24,Films (English),2,The Sea Beast,,34140000,3
362,2022-07-24,Films (English),3,Persuasion,,29040000,2
363,2022-07-24,Films (English),4,Clean,,11290000,1
364,2022-07-24,Films (English),5,Daughter of the Wolf,,11080000,1
365,2022-07-24,Films (English),6,Sing 2,,10150000,5
366,2022-07-24,Films (English),7,The Man from Toronto,,8790000,5
367,2022-07-24,Films (English),8,Girl in the Picture,,7360000,3
368,2022-07-24,Films (English),9,CHIPS,,5080000,2
369,2022-07-24,Films (English),10,12 Strong,,4610000,2
370,2022-07-24,Films (Non-English),1,Too Old for Fairy Tales,,10880000,1
371,2022-07-24,Films (Non-English),2,Live is Life,,7170000,1
372,2022-07-24,Films (Non-English),3,Incantation,,5750000,3
373,2022-07-24,Films (Non-English),4,Valley of the Dead,,5320000,2
374,2022-07-24,Films (Non-English),5,Dangerous Liaisons,,4760000,3
375,2022-07-24,Films (Non-English),6,Jaadugar,,4120000,2
376,2022-07-24,Films (Non-English),7,Under the Amalfi Sun,,3630000,2
377,2022-07-24,Films (Non-English),8,My Daughter’s Killer,,2820000,2
378,2022-07-24,Films (Non-English),9,RRR (Hindi),,2460000,10
379,2022-07-24,Films (Non-English),10,Vaashi (Malayalam),,2400000,1
400,2022-07-17,Films (English),1,The Sea Beast,,68110000,2
401,2022-07-17,Films (English),2,Persuasion,,28720000,1
402,2022-07-17,Films (English),3,Girl in the Picture,,23590000,2
403,2022-07-17,Films (English),4,The Man from Toronto,,13500000,4
404,2022-07-17,Films (English),5,Sing 2,,12220000,4
405,2022-07-17,Films (English),6,12 Strong,,11810000,1
406,2022-07-17,Films (English),7,Spider-Man: No Way Home,,8080000,1
407,2022-07-17,Films (English),8,CHIPS,,7480000,1
408,2022-07-17,Films (English),9,Hustle,,6450000,6
409,2022-07-17,Films (English),10,"Hello, Goodbye, and Everything in Between",,6170000,2
410,2022-07-17,Films (Non-English),1,Valley of the Dead,,17840000,1
411,2022-07-17,Films (Non-English),2,Dangerous Liaisons,,16230000,2
412,2022-07-17,Films (Non-English),3,Incantation,,10850000,2
413,2022-07-17,Films (Non-English),4,Under the Amalfi Sun,,6470000,1
414,2022-07-17,Films (Non-English),5,My Daughter’s Killer,,6420000,1
415,2022-07-17,Films (Non-English),6,Ante Sundaraniki,,3270000,1
416,2022-07-17,Films (Non-English),7,Jaadugar,,3250000,1
417,2022-07-17,Films (Non-English),8,Mirreyes vs Godinez,,2720000,1
418,2022-07-17,Films (Non-English),9,RRR (Hindi),,2520000,9
419,2022-07-17,Films (Non-English),10,Major (Hindi),,2170000,2
440,2022-07-10,Films (English),1,The Sea Beast,,33520000,1
441,2022-07-10,Films (English),2,Girl in the Picture,,28380000,1
442,2022-07-10,Films (English),3,The Man from Toronto,,24380000,3
443,2022-07-10,Films (English),4,Sing 2,,16580000,3
444,2022-07-10,Films (English),5,American Assassin,,13360000,1
445,2022-07-10,Films (English),6,Grand Isle,,11460000,1
446,2022-07-10,Films (English),7,"Hello, Goodbye, and Everything in Between",,10260000,1
447,2022-07-10,Films (English),8,Hustle,,9400000,5
448,2022-07-10,Films (English),9,Mean Girls,,8110000,1
449,2022-07-10,Films (English),10,The Dark Knight Rises,,7750000,1
450,2022-07-10,Films (Non-English),1,Dangerous Liaisons,,11010000,1
451,2022-07-10,Films (Non-English),2,Major (Hindi),,5990000,1
452,2022-07-10,Films (Non-English),3,Tadeo Jones 2: El secreto del Rey Midas,,4300000,2
453,2022-07-10,Films (Non-English),4,Incantation,,3240000,1
454,2022-07-10,Films (Non-English),5,RRR (Hindi),,2850000,8
455,2022-07-10,Films (Non-English),6,Leon's Heart,,2300000,2
456,2022-07-10,Films (Non-English),7,Blasted,,2170000,2
457,2022-07-10,Films (Non-English),8,Major (Telugu),,2000000,1
458,2022-07-10,Films (Non-English),9,Operation Romeo,,1940000,1
459,2022-07-10,Films (Non-English),10,Bhool Bhulaiyaa 2,,1850000,4
480,2022-07-03,Films (English),1,The Man from Toronto,,62640000,2
481,2022-07-03,Films (English),2,Sing 2,,24080000,2
482,2022-07-03,Films (English),3,Love & Gelato,,18900000,2
483,2022-07-03,Films (English),4,Hustle,,14640000,4
484,2022-07-03,Films (English),5,Glamour Girls,,12390000,1
485,2022-07-03,Films (English),6,Homefront,,11000000,1
486,2022-07-03,Films (English),7,Spiderhead,,9520000,3
487,2022-07-03,Films (English),8,The Mist,,6230000,2
488,2022-07-03,Films (English),9,Chickenhare and the Hamster of Darkness,,5980000,4
489,2022-07-03,Films (English),10,Backtrace,,4530000,1
490,2022-07-03,Films (Non-English),1,Blasted,,8410000,1
491,2022-07-03,Films (Non-English),2,Anek,,4900000,1
492,2022-07-03,Films (Non-English),3,Bhool Bhulaiyaa 2,,3690000,3
493,2022-07-03,Films (Non-English),4,Doom of Love,,3530000,2
494,2022-07-03,Films (Non-English),5,Heart Parade,,3530000,3
495,2022-07-03,Films (Non-English),6,RRR (Hindi),,3500000,7
496,2022-07-03,Films (Non-English),7,The Wrath of God,,2620000,3
497,2022-07-03,Films (Non-English),8,Leon's Heart,,2300000,1
498,2022-07-03,Films (Non-English),9,Tadeo Jones 2: El secreto del Rey Midas,,1980000,1
499,2022-07-03,Films (Non-English),10,Grudge,,1880000,5
520,2022-06-26,Films (English),1,The Man from Toronto,,53890000,1
521,2022-06-26,Films (English),2,Spiderhead,,38300000,2
522,2022-06-26,Films (English),3,Hustle,,26050000,3
523,2022-06-26,Films (English),4,Love & Gelato,,25790000,1
524,2022-06-26,Films (English),5,Sing 2,,24270000,1
525,2022-06-26,Films (English),6,Chickenhare and the Hamster of Darkness,,10960000,3
526,2022-06-26,Films (English),7,Collision,,8450000,2
527,2022-06-26,Films (English),8,The Mist,,8400000,1
528,2022-06-26,Films (English),9,Halftime,,8370000,2
529,2022-06-26,Films (English),10,It,,8350000,1
530,2022-06-26,Films (Non-English),1,Bhool Bhulaiyaa 2,,12290000,2
531,2022-06-26,Films (Non-English),2,Heart Parade,,9100000,2
532,2022-06-26,Films (Non-English),3,The Wrath of God,,8450000,2
533,2022-06-26,Films (Non-English),4,Centauro,,6510000,2
534,2022-06-26,Films (Non-English),5,Doom of Love,,5920000,1
535,2022-06-26,Films (Non-English),6,Loca por el trabajo,,3570000,2
536,2022-06-26,Films (Non-English),7,RRR (Hindi),,2920000,6
537,2022-06-26,Films (Non-English),8,CBI 5: The Brain,,1770000,3
538,2022-06-26,Films (Non-English),9,In Our Prime,,1730000,1
539,2022-06-26,Films (Non-English),10,Through My Window,,1500000,13
560,2022-06-19,Films (English),1,Hustle,,57190000,2
561,2022-06-19,Films (English),2,Spiderhead,,35400000,1
562,2022-06-19,Films (English),3,Chickenhare and the Hamster of Darkness,,23750000,2
563,2022-06-19,Films (English),4,Halftime,,18880000,1
564,2022-06-19,Films (English),5,Interceptor,,13110000,3
565,2022-06-19,Films (English),6,Collision,,12960000,1
566,2022-06-19,Films (English),7,Trees of Peace,,9380000,1
567,2022-06-19,Films (English),8,Sonic the Hedgehog,,4570000,8
568,2022-06-19,Films (English),9,A Perfect Pairing,,4440000,5
569,2022-06-19,Films (English),10,Senior Year,,4200000,6
570,2022-06-19,Films (Non-English),1,The Wrath of God,,17230000,1
571,2022-06-19,Films (Non-English),2,Centauro,,13870000,1
572,2022-06-19,Films (Non-English),3,Heart Parade,,12400000,1
573,2022-06-19,Films (Non-English),4,CBI 5: The Brain,,6090000,2
574,2022-06-19,Films (Non-English),5,Bhool Bhulaiyaa 2,,4120000,1
575,2022-06-19,Films (Non-English),6,Loca por el trabajo,,3970000,1
576,2022-06-19,Films (Non-English),7,RRR (Hindi),,3150000,5
577,2022-06-19,Films (Non-English),8,Don,,2740000,2
578,2022-06-19,Films (Non-English),9,Ben & Jody,,1950000,1
579,2022-06-19,Films (Non-English),10,Belzebuth,,1860000,2
600,2022-06-12,Films (English),1,Hustle,,84580000,1
601,2022-06-12,Films (English),2,Interceptor,,40700000,2
602,2022-06-12,Films (English),3,Chickenhare and the Hamster of Darkness,,9820000,1
603,2022-06-12,Films (English),4,The Amazing Spider-Man,,8440000,2
604,2022-06-12,Films (English),5,Senior Year,,7220000,5
605,2022-06-12,Films (English),6,A Perfect Pairing,,7130000,4
606,2022-06-12,Films (English),7,Mission: Impossible - Ghost Protocol,,6550000,1
607,2022-06-12,Films (English),8,Rambo: Last Blood,,6530000,1
608,2022-06-12,Films (English),9,Deep Impact,,6260000,1
609,2022-06-12,Films (English),10,Sonic the Hedgehog,,5510000,7
610,2022-06-12,Films (Non-English),1,RRR (Hindi),,5230000,4
611,2022-06-12,Films (Non-English),2,El paseo 6,,5000000,1
612,2022-06-12,Films (Non-English),3,Don,,3640000,1
613,2022-06-12,Films (Non-English),4,Toscana,,2720000,4
614,2022-06-12,Films (Non-English),5,The Takedown,,2230000,6
615,2022-06-12,Films (Non-English),6,Belzebuth,,2060000,1
616,2022-06-12,Films (Non-English),7,F*ck Love Too,,2010000,4
617,2022-06-12,Films (Non-English),8,The Perfect Family,,1870000,5
618,2022-06-12,Films (Non-English),9,Gladbeck: The Hostage Crisis,,1830000,1
619,2022-06-12,Films (Non-English),10,CBI 5: The Brain,,1710000,1
640,2022-06-05,Films (English),1,Interceptor,,35600000,1
641,2022-06-05,Films (English),2,A Perfect Pairing,,14410000,3
642,2022-06-05,Films (English),3,The Amazing Spider-Man,,13500000,1
643,2022-06-05,Films (English),4,Senior Year,,13260000,4
644,2022-06-05,Films (English),5,Memoirs of a Geisha,,10200000,1
645,2022-06-05,Films (English),6,The Outpost,,10120000,1
646,2022-06-05,Films (English),7,Disappearance at Clifton Hill,,8670000,1
647,2022-06-05,Films (English),8,Sonic the Hedgehog,,6500000,6
648,2022-06-05,Films (English),9,Jack Reacher,,5370000,1
649,2022-06-05,Films (English),10,Jackass 4.5,,4820000,3
650,2022-06-05,Films (Non-English),1,RRR (Hindi),,13940000,3
651,2022-06-05,Films (Non-English),2,Toscana,,5540000,3
652,2022-06-05,Films (Non-English),3,F*ck Love Too,,4780000,3
653,2022-06-05,Films (Non-English),4,The Takedown,,3670000,5
654,2022-06-05,Films (Non-English),5,The Perfect Family,,3040000,4
655,2022-06-05,Films (Non-English),6,Gangubai Kathiawadi,,2840000,6
656,2022-06-05,Films (Non-English),7,Luccas Neto em: O Plano dos Vilões,,2490000,1
657,2022-06-05,Films (Non-English),8,Jana Gana Mana,,2230000,1
658,2022-06-05,Films (Non-English),9,Jersey,,2110000,3
659,2022-06-05,Films (Non-English),10,4 Kings,,1920000,1
680,2022-05-29,Films (English),1,A Perfect Pairing,,32630000,2
681,2022-05-29,Films (English),2,Senior Year,,24560000,3
682,2022-05-29,Films (English),3,Jackass 4.5,,18540000,2
683,2022-05-29,Films (English),4,Dangerous,,11740000,2
684,2022-05-29,Films (English),5,Sonic the Hedgehog,,8910000,5
685,2022-05-29,Films (English),6,Top Gun,,6440000,1
686,2022-05-29,Films (English),7,Cleveland Abduction,,6360000,1
687,2022-05-29,Films (English),8,Turbo,,5310000,1
688,2022-05-29,Films (English),9,Our Father,,5150000,3
689,2022-05-29,Films (English),10,Ben Is Back,,4610000,1
690,2022-05-29,Films (Non-English),1,RRR (Hindi),,18360000,2
691,2022-05-29,Films (Non-English),2,F*ck Love Too,,15600000,2
692,2022-05-29,Films (Non-English),3,Toscana,,14000000,2
693,2022-05-29,Films (Non-English),4,The Takedown,,6090000,4
694,2022-05-29,Films (Non-English),5,Jersey,,5490000,2
695,2022-05-29,Films (Non-English),6,The Perfect Family,,4840000,3
696,2022-05-29,Films (Non-English),7,Gangubai Kathiawadi,,4840000,5
697,2022-05-29,Films (Non-English),8,Godspeed,,4640000,1
698,2022-05-29,Films (Non-English),9,Larva Pendant,,3090000,1
699,2022-05-29,Films (Non-English),10,Toolsidas Junior,,2960000,1
720,2022-05-22,Films (English),1,Senior Year,,62420000,2
721,2022-05-22,Films (English),2,A Perfect Pairing,,33000000,1
722,2022-05-22,Films (English),3,Dangerous,,18060000,1
723,2022-05-22,Films (English),4,Sonic the Hedgehog,,15990000,4
724,2022-05-22,Films (English),5,Our Father,,13580000,2
725,2022-05-22,Films (English),6,Jackass 4.5,,12080000,1
726,2022-05-22,Films (English),7,Marmaduke,,7480000,3
727,2022-05-22,Films (English),8,Operation Mincemeat,,6720000,2
728,2022-05-22,Films (English),9,365 Days: This Day,,6110000,4
729,2022-05-22,Films (English),10,Borrego,,6080000,1
730,2022-05-22,Films (Non-English),1,Toscana,,14830000,1
731,2022-05-22,Films (Non-English),2,The Perfect Family,,14400000,2
732,2022-05-22,Films (Non-English),3,The Takedown,,10820000,3
733,2022-05-22,Films (Non-English),4,Gangubai Kathiawadi,,8800000,4
734,2022-05-22,Films (Non-English),5,F*ck Love Too,,8380000,1
735,2022-05-22,Films (Non-English),6,RRR (Hindi),,7180000,1
736,2022-05-22,Films (Non-English),7,Jersey,,4470000,1
737,2022-05-22,Films (Non-English),8,Cyber Hell: Exposing an Internet Horror,,3430000,1
738,2022-05-22,Films (Non-English),9,Honeymoon with My Mother,,3000000,4
739,2022-05-22,Films (Non-English),10,Raw (Hindi),,2580000,2
760,2022-05-15,Films (English),1,Senior Year,,55940000,1
761,2022-05-15,Films (English),2,Our Father,,23870000,1
762,2022-05-15,Films (English),3,Marmaduke,,15030000,2
763,2022-05-15,Films (English),4,Along for the Ride,,13310000,2
764,2022-05-15,Films (English),5,Operation Mincemeat,,12620000,1
765,2022-05-15,Films (English),6,Sonic the Hedgehog,,12290000,3
766,2022-05-15,Films (English),7,365 Days: This Day,,10580000,3
767,2022-05-15,Films (English),8,U.S. Marshals,,5520000,2
768,2022-05-15,Films (English),9,Den of Thieves,,5420000,1
769,2022-05-15,Films (English),10,Men in Black: International,,4650000,2
770,2022-05-15,Films (Non-English),1,The Takedown,,32370000,2
771,2022-05-15,Films (Non-English),2,The Perfect Family,,21590000,1
772,2022-05-15,Films (Non-English),3,Gangubai Kathiawadi,,12190000,3
773,2022-05-15,Films (Non-English),4,Honeymoon with My Mother,,6450000,3
774,2022-05-15,Films (Non-English),5,Raw (Hindi),,4790000,1
775,2022-05-15,Films (Non-English),6,Thar,,4270000,2
776,2022-05-15,Films (Non-English),7,Beast,,4050000,1
777,2022-05-15,Films (Non-English),8,The Getaway King,,3240000,1
778,2022-05-15,Films (Non-English),9,40 Years Young,,2840000,2
779,2022-05-15,Films (Non-English),10,Radhe Shyam (Hindi),,1900000,2
800,2022-05-08,Films (English),1,365 Days: This Day,,27530000,2
801,2022-05-08,Films (English),2,Sonic the Hedgehog,,17150000,2
802,2022-05-08,Films (English),3,Silverton Siege,,11150000,2
803,2022-05-08,Films (English),4,Along for the Ride,,10840000,1
804,2022-05-08,Films (English),5,The Gentlemen,,8610000,1
805,2022-05-08,Films (English),6,U.S. Marshals,,8080000,1
806,2022-05-08,Films (English),7,The Mystery of Marilyn Monroe: The Unheard Tapes,,7590000,2
807,2022-05-08,Films (English),8,Men in Black: International,,7370000,1
808,2022-05-08,Films (English),9,Marmaduke,,7010000,1
809,2022-05-08,Films (English),10,365 Days,,6290000,2
810,2022-05-08,Films (Non-English),1,The Takedown,,27090000,1
811,2022-05-08,Films (Non-English),2,Honeymoon with My Mother,,23240000,2
812,2022-05-08,Films (Non-English),3,Gangubai Kathiawadi,,8320000,2
813,2022-05-08,Films (Non-English),4,40 Years Young,,6960000,1
814,2022-05-08,Films (Non-English),5,Rumspringa - An Amish in Berlin,,6170000,1
815,2022-05-08,Films (Non-English),6,Bubble,,4380000,2
816,2022-05-08,Films (Non-English),7,Radhe Shyam (Hindi),,3650000,1
817,2022-05-08,Films (Non-English),8,I Swear It Wasn't Me,,3650000,2
818,2022-05-08,Films (Non-English),9,Thar,,3610000,1
819,2022-05-08,Films (Non-English),10,Brother in Love 2,,2050000,1
840,2022-05-01,Films (English),1,365 Days: This Day,,77980000,1
841,2022-05-01,Films (English),2,Silverton Siege,,20280000,1
842,2022-05-01,Films (English),3,The Mystery of Marilyn Monroe: The Unheard Tapes,,15360000,1
843,2022-05-01,Films (English),4,365 Days,,10040000,1
844,2022-05-01,Films (English),5,The Vault,,6660000,3
845,2022-05-01,Films (English),6,How It Ends,,6640000,4
846,2022-05-01,Films (English),7,The In Between,,6050000,4
847,2022-05-01,Films (English),8,The Adam Project,,5660000,8
848,2022-05-01,Films (English),9,Sonic the Hedgehog,,4920000,1
849,2022-05-01,Films (English),10,Shrek,,4540000,7
850,2022-05-01,Films (Non-English),1,Gangubai Kathiawadi,,13810000,1
851,2022-05-01,Films (Non-English),2,Honeymoon with My Mother,,10630000,1
852,2022-05-01,Films (Non-English),3,Bubble,,4450000,1
853,2022-05-01,Films (Non-English),4,The Turning Point,,3060000,2
854,2022-05-01,Films (Non-English),5,Furioza,,2620000,4
855,2022-05-01,Films (Non-English),6,Yaksha: Ruthless Operations,,2520000,4
856,2022-05-01,Films (Non-English),7,The Taming of the Shrewd,,2400000,3
857,2022-05-01,Films (Non-English),8,Through My Window,,1990000,12
858,2022-05-01,Films (Non-English),9,I Swear It Wasn't Me,,1620000,1
859,2022-05-01,Films (Non-English),10,A Hard Day,,1260000,1
880,2022-04-24,Films (English),1,Choose or Die,,15260000,2
881,2022-04-24,Films (English),2,The In Between,,13350000,3
882,2022-04-24,Films (English),3,White Hot: The Rise & Fall of Abercrombie & Fitch,,9920000,1
883,2022-04-24,Films (English),4,How It Ends,,8280000,3
884,2022-04-24,Films (English),5,Yakuza Princess,,7490000,1
885,2022-04-24,Films (English),6,The Adam Project,,7480000,7
886,2022-04-24,Films (English),7,Playing with Fire,,6750000,1
887,2022-04-24,Films (English),8,The Vault,,6620000,2
888,2022-04-24,Films (English),9,Shrek,,5310000,6
889,2022-04-24,Films (English),10,Cleaner,,4920000,2
890,2022-04-24,Films (Non-English),1,The Taming of the Shrewd,,9330000,2
891,2022-04-24,Films (Non-English),2,Furioza,,6150000,3
892,2022-04-24,Films (Non-English),3,Yaksha: Ruthless Operations,,5080000,3
893,2022-04-24,Films (Non-English),4,The Turning Point,,2810000,1
894,2022-04-24,Films (Non-English),5,One Piece Film Z,,2220000,1
895,2022-04-24,Films (Non-English),6,Through My Window,,2200000,11
896,2022-04-24,Films (Non-English),7,All Hail,,1920000,4
897,2022-04-24,Films (Non-English),8,Black Crab,,1830000,6
898,2022-04-24,Films (Non-English),9,In Good Hands,,1700000,5
899,2022-04-24,Films (Non-English),10,Dasvi,,1620000,3
920,2022-04-17,Films (English),1,The In Between,,35900000,2
921,2022-04-17,Films (English),2,Choose or Die,,16000000,1
922,2022-04-17,Films (English),3,A Score to Settle,,9750000,1
923,2022-04-17,Films (English),4,The Adam Project,,9270000,6
924,2022-04-17,Films (English),5,Metal Lords,,8740000,1
925,2022-04-17,Films (English),6,How It Ends,,8600000,2
926,2022-04-17,Films (English),7,The Call,,7710000,1
927,2022-04-17,Films (English),8,Return to Space,,7150000,2
928,2022-04-17,Films (English),9,Cleaner,,6770000,1
929,2022-04-17,Films (English),10,A Dog's Way Home,,5750000,1
930,2022-04-17,Films (Non-English),1,Furioza,,17800000,2
931,2022-04-17,Films (Non-English),2,The Taming of the Shrewd,,17020000,1
932,2022-04-17,Films (Non-English),3,Yaksha: Ruthless Operations,,16380000,2
933,2022-04-17,Films (Non-English),4,Dancing on Glass,,5230000,1
934,2022-04-17,Films (Non-English),5,All Hail,,4320000,3
935,2022-04-17,Films (Non-English),6,Dasvi,,4020000,2
936,2022-04-17,Films (Non-English),7,Black Crab,,3040000,5
937,2022-04-17,Films (Non-English),8,In Good Hands,,2550000,4
938,2022-04-17,Films (Non-English),9,Fack ju Göhte 3,,2400000,1
939,2022-04-17,Films (Non-English),10,Through My Window,,2280000,10
960,2022-04-10,Films (English),1,The In Between,,26770000,1
961,2022-04-10,Films (English),2,The Adam Project,,10900000,5
962,2022-04-10,Films (English),3,The Bubble,,9950000,2
963,2022-04-10,Films (English),4,Shrek Forever After,,9770000,2
964,2022-04-10,Films (English),5,The Blind Side,,8710000,2
965,2022-04-10,Films (English),6,Four Brothers,,8170000,1
966,2022-04-10,Films (English),7,Enough,,5790000,1
967,2022-04-10,Films (English),8,How It Ends,,5650000,1
968,2022-04-10,Films (English),9,Shrek,,5340000,5
969,2022-04-10,Films (English),10,Return to Space,,4550000,1
970,2022-04-10,Films (Non-English),1,Furioza,,23960000,1
971,2022-04-10,Films (Non-English),2,All Hail,,13300000,2
972,2022-04-10,Films (Non-English),3,Yaksha: Ruthless Operations,,12540000,1
973,2022-04-10,Films (Non-English),4,Dasvi,,5690000,1
974,2022-04-10,Films (Non-English),5,Black Crab,,4660000,4
975,2022-04-10,Films (Non-English),6,Captain Nova,,4610000,2
976,2022-04-10,Films (Non-English),7,Enforcement,,4020000,1
977,2022-04-10,Films (Non-English),8,In Good Hands,,4010000,3
978,2022-04-10,Films (Non-English),9,Retfærdighedens ryttere,,3710000,1
979,2022-04-10,Films (Non-English),10,Ya veremos,,3580000,2
1000,2022-04-03,Films (English),1,The Adam Project,,17720000,4
1001,2022-04-03,Films (English),2,The Bubble,,12450000,1
1002,2022-04-03,Films (English),3,Trust No One: The Hunt for the Crypto King,,12070000,1
1003,2022-04-03,Films (English),4,The Blind Side,,9880000,1
1004,2022-04-03,Films (English),5,6 Underground,,8730000,3
1005,2022-04-03,Films (English),6,Blade Runner 2049,,7850000,1
1006,2022-04-03,Films (English),7,Shrek Forever After,,7690000,1
1007,2022-04-03,Films (English),8,Gemini Man,,7000000,3
1008,2022-04-03,Films (English),9,Rescued by Ruby,,6380000,3
1009,2022-04-03,Films (English),10,Escape Room,,6140000,1
1010,2022-04-03,Films (Non-English),1,All Hail,,24280000,1
1011,2022-04-03,Films (Non-English),2,Black Crab,,11270000,3
1012,2022-04-03,Films (Non-English),3,In Good Hands,,10810000,2
1013,2022-04-03,Films (Non-English),4,Ya veremos,,3850000,1
1014,2022-04-03,Films (Non-English),5,Without Saying Goodbye,,3500000,3
1015,2022-04-03,Films (Non-English),6,Battle: Freestyle,,3440000,1
1016,2022-04-03,Films (Non-English),7,Captain Nova,,3290000,1
1017,2022-04-03,Films (Non-English),8,'83,,3120000,2
1018,2022-04-03,Films (Non-English),9,Forever Out of My League,,2770000,1
1019,2022-04-03,Films (Non-English),10,Through My Window,,2410000,9
1040,2022-03-27,Films (English),1,The Adam Project,,31700000,3
1041,2022-03-27,Films (English),2,Rescued by Ruby,,17030000,2
1042,2022-03-27,Films (English),3,Gemini Man,,16450000,2
1043,2022-03-27,Films (English),4,Windfall,,15490000,2
1044,2022-03-27,Films (English),5,John Wick: Chapter 2,,7800000,1
1045,2022-03-27,Films (English),6,The Dead Don't Die,,7570000,1
1046,2022-03-27,Films (English),7,6 Underground,,7440000,2
1047,2022-03-27,Films (English),8,A Walk Among the Tombstones,,6740000,2
1048,2022-03-27,Films (English),9,Shrek,,6350000,4
1049,2022-03-27,Films (English),10,Despicable Me 2,,5750000,7
1050,2022-03-27,Films (Non-English),1,Black Crab,,40510000,2
1051,2022-03-27,Films (Non-English),2,In Good Hands,,28930000,1
1052,2022-03-27,Films (Non-English),3,Without Saying Goodbye,,13850000,2
1053,2022-03-27,Films (Non-English),4,'83,,10530000,1
1054,2022-03-27,Films (Non-English),5,The Bombardment,,3170000,3
1055,2022-03-27,Films (Non-English),6,Restless,,3030000,5
1056,2022-03-27,Films (Non-English),7,Through My Window,,2520000,8
1057,2022-03-27,Films (Non-English),8,Today We Fix the World,,2270000,2
1058,2022-03-27,Films (Non-English),9,The Pirates: The Last Royal Treasure,,2260000,4
1059,2022-03-27,Films (Non-English),10,Love Like the Falling Petals,,2210000,1
1080,2022-03-20,Films (English),1,The Adam Project,,85360000,2
1081,2022-03-20,Films (English),2,Rescued by Ruby,,19940000,1
1082,2022-03-20,Films (English),3,Gemini Man,,11840000,1
1083,2022-03-20,Films (English),4,The Ice Road,,11650000,2
1084,2022-03-20,Films (English),5,The Weekend Away,,9240000,3
1085,2022-03-20,Films (English),6,A Walk Among the Tombstones,,9030000,1
1086,2022-03-20,Films (English),7,Windfall,,8360000,1
1087,2022-03-20,Films (English),8,Shrek,,7870000,3
1088,2022-03-20,Films (English),9,Shrek 2,,6750000,3
1089,2022-03-20,Films (English),10,A Madea Homecoming,,5790000,4
1090,2022-03-20,Films (Non-English),1,Black Crab,,35920000,1
1091,2022-03-20,Films (Non-English),2,Without Saying Goodbye,,12930000,1
1092,2022-03-20,Films (Non-English),3,The Bombardment,,10500000,2
1093,2022-03-20,Films (Non-English),4,Badhaai Do,,6130000,2
1094,2022-03-20,Films (Non-English),5,Restless,,4560000,4
1095,2022-03-20,Films (Non-English),6,Chernobyl 1986,,4490000,5
1096,2022-03-20,Films (Non-English),7,The Pirates: The Last Royal Treasure,,4390000,3
1097,2022-03-20,Films (Non-English),8,One Piece Film: Strong World,,3490000,1
1098,2022-03-20,Films (Non-English),9,Through My Window,,3050000,7
1099,2022-03-20,Films (Non-English),10,Today We Fix the World,,2640000,1
1120,2022-03-13,Films (English),1,The Adam Project,,92430000,1
1121,2022-03-13,Films (English),2,The Weekend Away,,26260000,2
1122,2022-03-13,Films (English),3,Against The Ice,,12730000,2
1123,2022-03-13,Films (English),4,Shrek,,10380000,2
1124,2022-03-13,Films (English),5,Shrek 2,,9900000,2
1125,2022-03-13,Films (English),6,A Madea Homecoming,,9030000,3
1126,2022-03-13,Films (English),7,Shooter,,7390000,1
1127,2022-03-13,Films (English),8,Spider-Man: Into the Spider-Verse,,5910000,2
1128,2022-03-13,Films (English),9,Despicable Me 2,,5720000,6
1129,2022-03-13,Films (English),10,Coach Carter,,5450000,1
1130,2022-03-13,Films (Non-English),1,The Bombardment,,19290000,1
1131,2022-03-13,Films (Non-English),2,The Pirates: The Last Royal Treasure,,12230000,2
1132,2022-03-13,Films (Non-English),3,Restless,,6990000,3
1133,2022-03-13,Films (Non-English),4,Badhaai Do,,5640000,1
1134,2022-03-13,Films (Non-English),5,Chernobyl 1986,,5330000,4
1135,2022-03-13,Films (Non-English),6,Meskina,,4190000,2
1136,2022-03-13,Films (Non-English),7,Through My Window,,3580000,6
1137,2022-03-13,Films (Non-English),8,The Invisible Thread,,3140000,1
1138,2022-03-13,Films (Non-English),9,Love Tactics,,2620000,5
1139,2022-03-13,Films (Non-English),10,Black Beach,,1600000,1
1160,2022-03-06,Films (English),1,The Weekend Away,,44450000,1
1161,2022-03-06,Films (English),2,Against The Ice,,30730000,1
1162,2022-03-06,Films (English),3,A Madea Homecoming,,26410000,2
1163,2022-03-06,Films (English),4,Spider-Man: Into the Spider-Verse,,13940000,1
1164,2022-03-06,Films (English),5,Shrek 2,,13040000,1
1165,2022-03-06,Films (English),6,The Tinder Swindler,,9510000,5
1166,2022-03-06,Films (English),7,Shrek,,7780000,1
1167,2022-03-06,Films (English),8,Just Like Heaven,,7160000,1
1168,2022-03-06,Films (English),9,Despicable Me 2,,6890000,5
1169,2022-03-06,Films (English),10,Battleship,,6710000,1
1170,2022-03-06,Films (Non-English),1,Restless,,26030000,2
1171,2022-03-06,Films (Non-English),2,The Pirates: The Last Royal Treasure,,17710000,1
1172,2022-03-06,Films (Non-English),3,Chernobyl 1986,,7730000,3
1173,2022-03-06,Films (Non-English),4,Through My Window,,5510000,5
1174,2022-03-06,Films (Non-English),5,Love Tactics,,3660000,4
1175,2022-03-06,Films (Non-English),6,Meskina,,2940000,1
1176,2022-03-06,Films (Non-English),7,A Woman With No Filter,,2860000,2
1177,2022-03-06,Films (Non-English),8,My Wonderful Life,,2500000,1
1178,2022-03-06,Films (Non-English),9,UFO,,2440000,2
1179,2022-03-06,Films (Non-English),10,Valentina's Wedding,,2420000,1
1200,2022-02-27,Films (English),1,A Madea Homecoming,,31560000,1
1201,2022-02-27,Films (English),2,The Tinder Swindler,,17670000,4
1202,2022-02-27,Films (English),3,Texas Chainsaw Massacre,,17440000,2
1203,2022-02-27,Films (English),4,Downfall: The Case Against Boeing,,9910000,2
1204,2022-02-27,Films (English),5,Despicable Me 2,,9750000,4
1205,2022-02-27,Films (English),6,Fistful of Vengeance,,7560000,2
1206,2022-02-27,Films (English),7,Tall Girl 2,,7470000,3
1207,2022-02-27,Films (English),8,Abominable,,7330000,2
1208,2022-02-27,Films (English),9,Despicable Me,,5590000,4
1209,2022-02-27,Films (English),10,Red Notice,,4970000,13
1210,2022-02-27,Films (Non-English),1,Restless,,19810000,1
1211,2022-02-27,Films (Non-English),2,Don't Kill Me,,12090000,1
1212,2022-02-27,Films (Non-English),3,Through My Window,,7760000,4
1213,2022-02-27,Films (Non-English),4,Love Tactics,,5620000,3
1214,2022-02-27,Films (Non-English),5,Parallel Mothers,,4820000,2
1215,2022-02-27,Films (Non-English),6,UFO,,4270000,1
1216,2022-02-27,Films (Non-English),7,A Woman With No Filter,,3850000,1
1217,2022-02-27,Films (Non-English),8,Todos queremos a alguien,,3670000,1
1218,2022-02-27,Films (Non-English),9,Compadres,,3310000,1
1219,2022-02-27,Films (Non-English),10,Lost Paradise,,3310000,1
1240,2022-02-20,Films (English),1,The Tinder Swindler,,34450000,3
1241,2022-02-20,Films (English),2,Texas Chainsaw Massacre,,29180000,1
1242,2022-02-20,Films (English),3,Tall Girl 2,,21740000,2
1243,2022-02-20,Films (English),4,Fistful of Vengeance,,18300000,1
1244,2022-02-20,Films (English),5,Despicable Me 2,,11510000,3
1245,2022-02-20,Films (English),6,Abominable,,8960000,1
1246,2022-02-20,Films (English),7,St. Vincent,,7640000,1
1247,2022-02-20,Films (English),8,Downfall: The Case Against Boeing,,7420000,1
1248,2022-02-20,Films (English),9,Despicable Me,,7170000,3
1249,2022-02-20,Films (English),10,The Vanishing,,7030000,1
1250,2022-02-20,Films (Non-English),1,Love Tactics,,16860000,2
1251,2022-02-20,Films (Non-English),2,Through My Window,,13300000,3
1252,2022-02-20,Films (Non-English),3,Bigbug,,8110000,2
1253,2022-02-20,Films (Non-English),4,Love and Leashes,,7420000,2
1254,2022-02-20,Films (Non-English),5,The Privilege,,6760000,2
1255,2022-02-20,Films (Non-English),6,Parallel Mothers,,6510000,1
1256,2022-02-20,Films (Non-English),7,Into the Wind,,4890000,2
1257,2022-02-20,Films (Non-English),8,Parallel Roads,,2710000,1
1258,2022-02-20,Films (Non-English),9,My Best Friend Anne Frank,,2510000,3
1259,2022-02-20,Films (Non-English),10,Thoroughbred,,2190000,1
1280,2022-02-13,Films (English),1,The Tinder Swindler,,64700000,2
1281,2022-02-13,Films (English),2,Tall Girl 2,,27440000,1
1282,2022-02-13,Films (English),3,13 Hours: The Secret Soldiers of Benghazi,,13270000,2
1283,2022-02-13,Films (English),4,Despicable Me 2,,13080000,2
1284,2022-02-13,Films (English),5,Home Team,,10550000,3
1285,2022-02-13,Films (English),6,Despicable Me,,8950000,2
1286,2022-02-13,Films (English),7,Dora and the Lost City of Gold,,8750000,1
1287,2022-02-13,Films (English),8,Faster,,6850000,2
1288,2022-02-13,Films (English),9,The Power of the Dog,,5460000,3
1289,2022-02-13,Films (English),10,Don't Look Up,,5360000,8
1290,2022-02-13,Films (Non-English),1,Through My Window,,34700000,2
1291,2022-02-13,Films (Non-English),2,The Privilege,,18060000,1
1292,2022-02-13,Films (Non-English),3,Into the Wind,,10710000,1
1293,2022-02-13,Films (Non-English),4,Love Tactics,,8960000,1
1294,2022-02-13,Films (Non-English),5,Love and Leashes,,6680000,1
1295,2022-02-13,Films (Non-English),6,My Best Friend Anne Frank,,5680000,2
1296,2022-02-13,Films (Non-English),7,Bigbug,,4400000,1
1297,2022-02-13,Films (Non-English),8,Child of Kamiari Month,,2660000,1
1298,2022-02-13,Films (Non-English),9,Looop Lapeta,,2440000,2
1299,2022-02-13,Films (Non-English),10,Luccas Neto in: The Magical Hotel 2,,2060000,1
1320,2022-02-06,Films (English),1,The Tinder Swindler,,45800000,1
1321,2022-02-06,Films (English),2,Home Team,,33630000,2
1322,2022-02-06,Films (English),3,Despicable Me 2,,14340000,1
1323,2022-02-06,Films (English),4,13 Hours: The Secret Soldiers of Benghazi,,12980000,1
1324,2022-02-06,Films (English),5,Transformers: Revenge of the Fallen,,9790000,1
1325,2022-02-06,Films (English),6,The Royal Treatment,,8510000,3
1326,2022-02-06,Films (English),7,Don't Look Up,,6930000,7
1327,2022-02-06,Films (English),8,Despicable Me,,6850000,1
1328,2022-02-06,Films (English),9,Can You Keep a Secret?,,6410000,1
1329,2022-02-06,Films (English),10,Faster,,6370000,1
1330,2022-02-06,Films (Non-English),1,Through My Window,,33250000,1
1331,2022-02-06,Films (Non-English),2,My Best Friend Anne Frank,,18720000,1
1332,2022-02-06,Films (Non-English),3,My Father's Violin,,4840000,3
1333,2022-02-06,Films (Non-English),4,Looop Lapeta,,2460000,1
1334,2022-02-06,Films (Non-English),5,Lost Bullet,,1570000,3
1335,2022-02-06,Films (Non-English),6,أصحاب ...ولا أعزّ,,1370000,3
1336,2022-02-06,Films (Non-English),7,Amandla,,1370000,3
1337,2022-02-06,Films (Non-English),8,How I Fell in Love with a Gangster,,1270000,5
1338,2022-02-06,Films (Non-English),9,Fierce,,1250000,2
1339,2022-02-06,Films (Non-English),10,The Medium,,1180000,1
1360,2022-01-30,Films (English),1,The Royal Treatment,,26580000,2
1361,2022-01-30,Films (English),2,Home Team,,21050000,1
1362,2022-01-30,Films (English),3,Munich – The Edge of War,,17320000,2
1363,2022-01-30,Films (English),4,Don't Look Up,,10250000,6
1364,2022-01-30,Films (English),5,The Secret Life of Pets 2,,7850000,3
1365,2022-01-30,Films (English),6,Red Notice,,6540000,12
1366,2022-01-30,Films (English),7,Hotel Transylvania 3: Summer Vacation,,6280000,5
1367,2022-01-30,Films (English),8,Brazen,,5840000,3
1368,2022-01-30,Films (English),9,The Possession of Hannah Grace,,5760000,1
1369,2022-01-30,Films (English),10,A Perfect Enemy,,4870000,1
1370,2022-01-30,Films (Non-English),1,My Father's Violin,,12380000,2
1371,2022-01-30,Films (Non-English),2,Amandla,,7990000,2
1372,2022-01-30,Films (Non-English),3,أصحاب ...ولا أعزّ,,4690000,2
1373,2022-01-30,Films (Non-English),4,Shyam Singha Roy,,2880000,2
1374,2022-01-30,Films (Non-English),5,Lost Bullet,,2630000,2
1375,2022-01-30,Films (Non-English),6,How I Fell in Love with a Gangster,,2610000,4
1376,2022-01-30,Films (Non-English),7,Photocopier,,1740000,3
1377,2022-01-30,Films (Non-English),8,Blood Red Sky,,1690000,11
1378,2022-01-30,Films (Non-English),9,Rogue City,,1400000,2
1379,2022-01-30,Films (Non-English),10,Vicky and Her Mystery,,1400000,6
1400,2022-01-23,Films (English),1,The Royal Treatment,,42490000,1
1401,2022-01-23,Films (English),2,Brazen,,28570000,2
1402,2022-01-23,Films (English),3,Don't Look Up,,17130000,5
1403,2022-01-23,Films (English),4,The Secret Life of Pets 2,,16800000,2
1404,2022-01-23,Films (English),5,Riverdance: The Animated Adventure,,11840000,2
1405,2022-01-23,Films (English),6,Munich – The Edge of War,,11110000,1
1406,2022-01-23,Films (English),7,After We Fell,,8980000,1
1407,2022-01-23,Films (English),8,Red Notice,,7310000,11
1408,2022-01-23,Films (English),9,Back to the Outback,,6320000,7
1409,2022-01-23,Films (English),10,Mother/Android,,5330000,3
1410,2022-01-23,Films (Non-English),1,How I Fell in Love with a Gangster,,8690000,3
1411,2022-01-23,Films (Non-English),2,Photocopier,,6920000,2
1412,2022-01-23,Films (Non-English),3,Shyam Singha Roy,,3590000,1
1413,2022-01-23,Films (Non-English),4,My Father's Violin,,3170000,1
1414,2022-01-23,Films (Non-English),5,أصحاب ...ولا أعزّ,,2670000,1
1415,2022-01-23,Films (Non-English),6,Rogue City,,2450000,1
1416,2022-01-23,Films (Non-English),7,Amandla,,2380000,1
1417,2022-01-23,Films (Non-English),8,Lost Bullet,,2050000,1
1418,2022-01-23,Films (Non-English),9,Blood Red Sky,,1870000,10
1419,2022-01-23,Films (Non-English),10,Vicky and Her Mystery,,1780000,5
1440,2022-01-16,Films (English),1,Brazen,,45340000,1
1441,2022-01-16,Films (English),2,Don't Look Up,,28390000,4
1442,2022-01-16,Films (English),3,Mother/Android,,23170000,2
1443,2022-01-16,Films (English),4,The Secret Life of Pets 2,,9390000,1
1444,2022-01-16,Films (English),5,Just Go With It,,8790000,3
1445,2022-01-16,Films (English),6,Red Notice,,8710000,10
1446,2022-01-16,Films (English),7,Back to the Outback,,8710000,6
1447,2022-01-16,Films (English),8,Tides,,8470000,1
1448,2022-01-16,Films (English),9,Riverdance: The Animated Adventure,,7860000,1
1449,2022-01-16,Films (English),10,The Clovehitch Killer,,7000000,1
1450,2022-01-16,Films (Non-English),1,How I Fell in Love with a Gangster,,11510000,2
1451,2022-01-16,Films (Non-English),2,Four to Dinner,,4750000,2
1452,2022-01-16,Films (Non-English),3,The Wasteland,,4640000,2
1453,2022-01-16,Films (Non-English),4,Chandigarh Kare Aashiqui,,4610000,2
1454,2022-01-16,Films (Non-English),5,Photocopier,,4440000,1
1455,2022-01-16,Films (Non-English),6,Major Grom: Plague Doctor,,3120000,6
1456,2022-01-16,Films (Non-English),7,Minnal Murali,,2510000,4
1457,2022-01-16,Films (Non-English),8,Vicky and Her Mystery,,2070000,4
1458,2022-01-16,Films (Non-English),9,Lulli,,2000000,3
1459,2022-01-16,Films (Non-English),10,Sin Nombre,,1830000,2
1480,2022-01-09,Films (English),1,Don't Look Up,,58200000,3
1481,2022-01-09,Films (English),2,Mother/Android,,29730000,1
1482,2022-01-09,Films (English),3,The Lost Daughter,,20370000,2
1483,2022-01-09,Films (English),4,Back to the Outback,,12430000,5
1484,2022-01-09,Films (English),5,The Unforgivable,,11340000,5
1485,2022-01-09,Films (English),6,Red Notice,,11090000,9
1486,2022-01-09,Films (English),7,Just Go With It,,10530000,2
1487,2022-01-09,Films (English),8,Journey 2: The Mysterious Island,,10520000,2
1488,2022-01-09,Films (English),9,Seal Team,,10310000,1
1489,2022-01-09,Films (English),10,The Longest Yard,,9960000,1
1490,2022-01-09,Films (Non-English),1,The Wasteland,,11930000,1
1491,2022-01-09,Films (Non-English),2,Four to Dinner,,7440000,1
1492,2022-01-09,Films (Non-English),3,How I Fell in Love with a Gangster,,6150000,1
1493,2022-01-09,Films (Non-English),4,Chandigarh Kare Aashiqui,,5300000,1
1494,2022-01-09,Films (Non-English),5,Minnal Murali,,5080000,3
1495,2022-01-09,Films (Non-English),6,Lulli,,4020000,2
1496,2022-01-09,Films (Non-English),7,Vicky and Her Mystery,,3830000,3
1497,2022-01-09,Films (Non-English),8,Major Grom: Plague Doctor,,2830000,5
1498,2022-01-09,Films (Non-English),9,STAND BY ME Doraemon 2,,2410000,3
1499,2022-01-09,Films (Non-English),10,Sin Nombre,,2300000,1
1520,2022-01-02,Films (English),1,Don't Look Up,,152290000,2
1521,2022-01-02,Films (English),2,The Unforgivable,,21310000,4
1522,2022-01-02,Films (English),3,The Lost Daughter,,18260000,1
1523,2022-01-02,Films (English),4,Back to the Outback,,17720000,4
1524,2022-01-02,Films (English),5,Red Notice,,14540000,8
1525,2022-01-02,Films (English),6,Spider-Man: Homecoming,,14180000,3
1526,2022-01-02,Films (English),7,Fast & Furious Presents: Hobbs & Shaw,,12870000,2
1527,2022-01-02,Films (English),8,Death to 2021,,10380000,1
1528,2022-01-02,Films (English),9,Journey 2: The Mysterious Island,,5440000,1
1529,2022-01-02,Films (English),10,Spider-Man,,5430000,1
1530,2022-01-02,Films (Non-English),1,Lulli,,15210000,1
1531,2022-01-02,Films (Non-English),2,Vicky and Her Mystery,,15160000,2
1532,2022-01-02,Films (Non-English),3,Minnal Murali,,11440000,2
1533,2022-01-02,Films (Non-English),4,STAND BY ME Doraemon 2,,6730000,2
1534,2022-01-02,Films (Non-English),5,1000 Miles from Christmas,,6650000,2
1535,2022-01-02,Films (Non-English),6,Intervenção,,3650000,1
1536,2022-01-02,Films (Non-English),7,The Whole Truth,,2780000,5
1537,2022-01-02,Films (Non-English),8,Anonymously Yours,,2060000,4
1538,2022-01-02,Films (Non-English),9,The Hand of God,,2000000,3
1539,2022-01-02,Films (Non-English),10,Sooryavanshi,,1970000,5
1560,2021-12-26,Films (English),1,Don't Look Up,,111030000,1
1561,2021-12-26,Films (English),2,The Unforgivable,,26600000,3
1562,2021-12-26,Films (English),3,Fast & Furious Presents: Hobbs & Shaw,,26590000,1
1563,2021-12-26,Films (English),4,Back to the Outback,,24750000,3
1564,2021-12-26,Films (English),5,Spider-Man: Homecoming,,20000000,2
1565,2021-12-26,Films (English),6,The Christmas Chronicles,,12910000,4
1566,2021-12-26,Films (English),7,Red Notice,,12140000,7
1567,2021-12-26,Films (English),8,A California Christmas: City Lights,,11630000,2
1568,2021-12-26,Films (English),9,The Christmas Chronicles: Part Two,,10990000,3
1569,2021-12-26,Films (English),10,A Boy Called Christmas,,9120000,5
1570,2021-12-26,Films (Non-English),1,Vicky and Her Mystery,,8150000,1
1571,2021-12-26,Films (Non-English),2,Grumpy Christmas,,8140000,1
1572,2021-12-26,Films (Non-English),3,1000 Miles from Christmas,,6940000,1
1573,2021-12-26,Films (Non-English),4,Minnal Murali,,5990000,1
1574,2021-12-26,Films (Non-English),5,STAND BY ME Doraemon 2,,2990000,1
1575,2021-12-26,Films (Non-English),6,The Whole Truth,,2970000,4
1576,2021-12-26,Films (Non-English),7,The Hand of God,,2940000,2
1577,2021-12-26,Films (Non-English),8,Anonymously Yours,,2800000,3
1578,2021-12-26,Films (Non-English),9,David and the Elves,,2450000,3
1579,2021-12-26,Films (Non-English),10,Sooryavanshi,,2390000,4
1600,2021-12-19,Films (English),1,The Unforgivable,,74440000,2
1601,2021-12-19,Films (English),2,Back to the Outback,,38990000,2
1602,2021-12-19,Films (English),3,A California Christmas: City Lights,,22860000,1
1603,2021-12-19,Films (English),4,Red Notice,,12710000,6
1604,2021-12-19,Films (English),5,The Shack,,11730000,1
1605,2021-12-19,Films (English),6,Spider-Man: Homecoming,,9370000,1
1606,2021-12-19,Films (English),7,John Wick: Chapter 3 - Parabellum,,8790000,1
1607,2021-12-19,Films (English),8,The Christmas Chronicles,,8430000,3
1608,2021-12-19,Films (English),9,The Christmas Chronicles: Part Two,,7840000,2
1609,2021-12-19,Films (English),10,A Boy Called Christmas,,7270000,4
1610,2021-12-19,Films (Non-English),1,Anonymously Yours,,12020000,2
1611,2021-12-19,Films (Non-English),2,The Hand of God,,7710000,1
1612,2021-12-19,Films (Non-English),3,Two,,6000000,2
1613,2021-12-19,Films (Non-English),4,The Whole Truth,,4640000,3
1614,2021-12-19,Films (Non-English),5,Sooryavanshi,,4000000,3
1615,2021-12-19,Films (Non-English),6,Bordertown: Mural Murders,,3540000,3
1616,2021-12-19,Films (Non-English),7,David and the Elves,,3360000,2
1617,2021-12-19,Films (Non-English),8,Spoiled Brats,,3350000,4
1618,2021-12-19,Films (Non-English),9,Escape From Mogadishu,,3260000,1
1619,2021-12-19,Films (Non-English),10,Green Snake,,2970000,3
1640,2021-12-12,Films (English),1,The Unforgivable,,85860000,1
1641,2021-12-12,Films (English),2,Red Notice,,18010000,5
1642,2021-12-12,Films (English),3,Back to the Outback,,16170000,1
1643,2021-12-12,Films (English),4,The Power of the Dog,,13280000,2
1644,2021-12-12,Films (English),5,Single All The Way,,11140000,2
1645,2021-12-12,Films (English),6,A Boy Called Christmas,,10750000,3
1646,2021-12-12,Films (English),7,A Castle For Christmas,,10050000,3
1647,2021-12-12,Films (English),8,Redemption Day,,9790000,1
1648,2021-12-12,Films (English),9,Bruised,,8970000,3
1649,2021-12-12,Films (English),10,The Christmas Chronicles,,8510000,2
1650,2021-12-12,Films (Non-English),1,The Whole Truth,,10540000,2
1651,2021-12-12,Films (Non-English),2,Spoiled Brats,,9820000,3
1652,2021-12-12,Films (Non-English),3,David and the Elves,,9110000,1
1653,2021-12-12,Films (Non-English),4,Anonymously Yours,,8970000,1
1654,2021-12-12,Films (Non-English),5,Sooryavanshi,,8840000,2
1655,2021-12-12,Films (Non-English),6,Green Snake,,6920000,2
1656,2021-12-12,Films (Non-English),7,More the Merrier,,6010000,2
1657,2021-12-12,Films (Non-English),8,Bordertown: Mural Murders,,5560000,2
1658,2021-12-12,Films (Non-English),9,Two,,5020000,1
1659,2021-12-12,Films (Non-English),10,The Claus Family,,2610000,6
1680,2021-12-05,Films (English),1,The Power of the Dog,,27200000,1
1681,2021-12-05,Films (English),2,A Castle For Christmas,,25550000,2
1682,2021-12-05,Films (English),3,Red Notice,,25400000,4
1683,2021-12-05,Films (English),4,Bruised,,23370000,2
1684,2021-12-05,Films (English),5,A Boy Called Christmas,,19360000,2
1685,2021-12-05,Films (English),6,Single All The Way,,13820000,1
1686,2021-12-05,Films (English),7,14 Peaks: Nothing Is Impossible,,12170000,1
1687,2021-12-05,Films (English),8,The Christmas Chronicles,,7940000,1
1688,2021-12-05,Films (English),9,The Christmas Chronicles: Part Two,,7790000,1
1689,2021-12-05,Films (English),10,Love Hard,,7240000,5
1690,2021-12-05,Films (Non-English),1,Spoiled Brats,,26730000,2
1691,2021-12-05,Films (Non-English),2,The Whole Truth,,11950000,1
1692,2021-12-05,Films (Non-English),3,Green Snake,,10650000,1
1693,2021-12-05,Films (Non-English),4,More the Merrier,,10320000,1
1694,2021-12-05,Films (Non-English),5,Sooryavanshi,,7110000,1
1695,2021-12-05,Films (Non-English),6,Outlaws,,3200000,2
1696,2021-12-05,Films (Non-English),7,The Claus Family,,2870000,5
1697,2021-12-05,Films (Non-English),8,Just Short of Perfect,,2460000,3
1698,2021-12-05,Films (Non-English),9,Dhamaka,,2350000,3
1699,2021-12-05,Films (Non-English),10,Bordertown: Mural Murders,,2100000,1
1720,2021-11-28,Films (English),1,Red Notice,,50650000,3
1721,2021-11-28,Films (English),2,Bruised,,47700000,1
1722,2021-11-28,Films (English),3,A Boy Called Christmas,,26820000,1
1723,2021-11-28,Films (English),4,A Castle For Christmas,,20870000,1
1724,2021-11-28,Films (English),5,The Princess Switch 3: Romancing the Star,,16250000,2
1725,2021-11-28,Films (English),6,The Croods,,15860000,2
1726,2021-11-28,Films (English),7,Jack Reacher: Never Go Back,,14670000,1
1727,2021-11-28,Films (English),8,Extinct,,13320000,1
1728,2021-11-28,Films (English),9,Central Intelligence,,10520000,2
1729,2021-11-28,Films (English),10,Love Hard,,9780000,4
1730,2021-11-28,Films (Non-English),1,Spoiled Brats,,15830000,1
1731,2021-11-28,Films (Non-English),2,Outlaws,,8730000,1
1732,2021-11-28,Films (Non-English),3,Just Short of Perfect,,8210000,2
1733,2021-11-28,Films (Non-English),4,Love Me Instead,,5880000,2
1734,2021-11-28,Films (Non-English),5,Dhamaka,,4820000,2
1735,2021-11-28,Films (Non-English),6,Earwig and the Witch,,3720000,2
1736,2021-11-28,Films (Non-English),7,Prayers for the Stolen,,2780000,2
1737,2021-11-28,Films (Non-English),8,Yara,,2640000,4
1738,2021-11-28,Films (Non-English),9,The Claus Family,,2500000,4
1739,2021-11-28,Films (Non-English),10,Sinkhole,,2260000,1
1760,2021-11-21,Films (English),1,Red Notice,,129110000,2
1761,2021-11-21,Films (English),2,The Princess Switch 3: Romancing the Star,,24770000,1
1762,2021-11-21,Films (English),3,Love Hard,,21240000,3
1763,2021-11-21,Films (English),4,Central Intelligence,,14910000,1
1764,2021-11-21,Films (English),5,The Harder They Fall,,13770000,3
1765,2021-11-21,Films (English),6,The Croods,,13440000,1
1766,2021-11-21,Films (English),7,Army of Thieves,,12260000,4
1767,2021-11-21,Films (English),8,Trolls,,10120000,1
1768,2021-11-21,Films (English),9,6 Underground,,7770000,1
1769,2021-11-21,Films (English),10,Goosebumps 2: Haunted Halloween,,7680000,1
1770,2021-11-21,Films (Non-English),1,Just Short of Perfect,,9630000,1
1771,2021-11-21,Films (Non-English),2,7 Prisoners,,9570000,2
1772,2021-11-21,Films (Non-English),3,Yara,,5660000,3
1773,2021-11-21,Films (Non-English),4,Prayers for the Stolen,,4700000,1
1774,2021-11-21,Films (Non-English),5,Dhamaka,,4200000,1
1775,2021-11-21,Films (Non-English),6,Love Me Instead,,3000000,1
1776,2021-11-21,Films (Non-English),7,The Claus Family,,2420000,3
1777,2021-11-21,Films (Non-English),8,Earwig and the Witch,,2100000,1
1778,2021-11-21,Films (Non-English),9,The Forgotten Battle,,1940000,6
1779,2021-11-21,Films (Non-English),10,Meenakshi Sundareshwar,,1900000,3
1800,2021-11-14,Films (English),1,Red Notice,,148720000,1
1801,2021-11-14,Films (English),2,Love Hard,,58560000,2
1802,2021-11-14,Films (English),3,The Harder They Fall,,33060000,2
1803,2021-11-14,Films (English),4,Army of Thieves,,20560000,3
1804,2021-11-14,Films (English),5,Father Christmas Is Back,,13780000,1
1805,2021-11-14,Films (English),6,211,,7900000,1
1806,2021-11-14,Films (English),7,Army of the Dead,,7620000,3
1807,2021-11-14,Films (English),8,Passing,,7490000,1
1808,2021-11-14,Films (English),9,Transformers: The Last Knight,,6920000,2
1809,2021-11-14,Films (English),10,Jumanji: The Next Level,,6760000,1
1810,2021-11-14,Films (Non-English),1,Yara,,17950000,2
1811,2021-11-14,Films (Non-English),2,7 Prisoners,,9690000,1
1812,2021-11-14,Films (Non-English),3,The Claus Family,,4440000,2
1813,2021-11-14,Films (Non-English),4,Meenakshi Sundareshwar,,4410000,2
1814,2021-11-14,Films (Non-English),5,The Forgotten Battle,,2630000,5
1815,2021-11-14,Films (Non-English),6,Stuck Together,,2610000,4
1816,2021-11-14,Films (Non-English),7,Lords of Scam,,2120000,1
1817,2021-11-14,Films (Non-English),8,Fierce,,1800000,1
1818,2021-11-14,Films (Non-English),9,Der Fall Collini,,1590000,2
1819,2021-11-14,Films (Non-English),10,Doctor (Tamil),,1430000,2
1840,2021-11-07,Films (English),1,Army of Thieves,,71610000,2
1841,2021-11-07,Films (English),2,The Harder They Fall,,64760000,1
1842,2021-11-07,Films (English),3,Love Hard,,40530000,1
1843,2021-11-07,Films (English),4,Army of the Dead,,16910000,2
1844,2021-11-07,Films (English),5,Transformers: The Last Knight,,13180000,1
1845,2021-11-07,Films (English),6,21 Jump Street,,11690000,1
1846,2021-11-07,Films (English),7,Hypnotic,,11140000,2
1847,2021-11-07,Films (English),8,The Girl in the Spider's Web,,6580000,1
1848,2021-11-07,Films (English),9,Amina,,6110000,1
1849,2021-11-07,Films (English),10,Just Go With It,,5740000,1
1850,2021-11-07,Films (Non-English),1,Yara,,11610000,1
1851,2021-11-07,Films (Non-English),2,The Claus Family,,6760000,1
1852,2021-11-07,Films (Non-English),3,Stuck Together,,5780000,3
1853,2021-11-07,Films (Non-English),4,The Forgotten Battle,,3860000,4
1854,2021-11-07,Films (Non-English),5,Der Fall Collini,,3230000,1
1855,2021-11-07,Films (Non-English),6,Meenakshi Sundareshwar,,2820000,1
1856,2021-11-07,Films (Non-English),7,Nobody Sleeps in the Woods Tonight 2,,2660000,2
1857,2021-11-07,Films (Non-English),8,Monk Comes Down the Mountain,,1590000,1
1858,2021-11-07,Films (Non-English),9,The Trip,,1540000,4
1859,2021-11-07,Films (Non-English),10,Doctor (Tamil),,1530000,1
1880,2021-10-31,Films (English),1,Army of Thieves,,49640000,1
1881,2021-10-31,Films (English),2,Hypnotic,,24620000,1
1882,2021-10-31,Films (English),3,Night Teeth,,17010000,2
1883,2021-10-31,Films (English),4,Final Score,,9840000,1
1884,2021-10-31,Films (English),5,King Arthur: Legend of the Sword,,9150000,1
1885,2021-10-31,Films (English),6,Only Mine,,6670000,1
1886,2021-10-31,Films (English),7,Army of the Dead,,5780000,1
1887,2021-10-31,Films (English),8,Bloodshot,,5600000,1
1888,2021-10-31,Films (English),9,A Dog's Journey,,5350000,2
1889,2021-10-31,Films (English),10,Venom,,4190000,4
1890,2021-10-31,Films (Non-English),1,Stuck Together,,12000000,2
1891,2021-10-31,Films (Non-English),2,The Forgotten Battle,,8410000,3
1892,2021-10-31,Films (Non-English),3,Nobody Sleeps in the Woods Tonight 2,,6560000,1
1893,2021-10-31,Films (Non-English),4,In for a Murder,,4790000,2
1894,2021-10-31,Films (Non-English),5,The Trip,,3310000,3
1895,2021-10-31,Films (Non-English),6,Nobody Sleeps in the Woods Tonight,,1900000,1
1896,2021-10-31,Films (Non-English),7,Friendzone,,1410000,5
1897,2021-10-31,Films (Non-English),8,The Four of Us,,1190000,2
1898,2021-10-31,Films (Non-English),9,Budapest,,1170000,1
1899,2021-10-31,Films (Non-English),10,Grudge,,1110000,4
1920,2021-10-24,Films (English),1,Night Teeth,,31870000,1
1921,2021-10-24,Films (English),2,Venom,,7900000,3
1922,2021-10-24,Films (English),3,What Happens in Vegas,,7380000,1
1923,2021-10-24,Films (English),4,A Dog's Journey,,5780000,1
1924,2021-10-24,Films (English),5,My Little Pony: A New Generation,,5570000,5
1925,2021-10-24,Films (English),6,Unfaithful,,5350000,1
1926,2021-10-24,Films (English),7,Going in Style,,4520000,2
1927,2021-10-24,Films (English),8,The Guilty,,4400000,4
1928,2021-10-24,Films (English),9,Street Kings,,3440000,1
1929,2021-10-24,Films (English),10,Hotel Transylvania 3: Summer Vacation,,3430000,4
1930,2021-10-24,Films (Non-English),1,The Forgotten Battle,,25800000,2
1931,2021-10-24,Films (Non-English),2,The Trip,,11550000,2
1932,2021-10-24,Films (Non-English),3,Stuck Together,,9000000,1
1933,2021-10-24,Films (Non-English),4,In for a Murder,,6520000,1
1934,2021-10-24,Films (Non-English),5,The Four of Us,,4140000,1
1935,2021-10-24,Films (Non-English),6,"My Brother, My Sister",,2680000,3
1936,2021-10-24,Films (Non-English),7,Grudge,,2240000,3
1937,2021-10-24,Films (Non-English),8,Friendzone,,1910000,4
1938,2021-10-24,Films (Non-English),9,Confessions of an Invisible Girl,,1400000,5
1939,2021-10-24,Films (Non-English),10,Beauty and the Beast,,1150000,4
1960,2021-10-17,Films (English),1,Venom,,20410000,2
1961,2021-10-17,Films (English),2,The Guilty,,12590000,3
1962,2021-10-17,Films (English),3,Security,,9470000,2
1963,2021-10-17,Films (English),4,My Little Pony: A New Generation,,8220000,4
1964,2021-10-17,Films (English),5,There's Someone Inside Your House,,7380000,2
1965,2021-10-17,Films (English),6,Pokémon the Movie: Secrets of the Jungle,,7300000,2
1966,2021-10-17,Films (English),7,Redemption,,5800000,1
1967,2021-10-17,Films (English),8,Titanic,,5000000,2
1968,2021-10-17,Films (English),9,Going in Style,,4950000,1
1969,2021-10-17,Films (English),10,Knight and Day,,4770000,1
1970,2021-10-17,Films (Non-English),1,The Forgotten Battle,,21460000,1
1971,2021-10-17,Films (Non-English),2,"My Brother, My Sister",,7360000,2
1972,2021-10-17,Films (Non-English),3,Grudge,,6060000,2
1973,2021-10-17,Films (Non-English),4,Fever Dream,,6030000,1
1974,2021-10-17,Films (Non-English),5,The Trip,,3390000,1
1975,2021-10-17,Films (Non-English),6,Friendzone,,3340000,3
1976,2021-10-17,Films (Non-English),7,Confessions of an Invisible Girl,,2120000,4
1977,2021-10-17,Films (Non-English),8,Anything for a Pop Star,,1870000,1
1978,2021-10-17,Films (Non-English),9,Violet Evergarden the Movie,,1800000,1
1979,2021-10-17,Films (Non-English),10,Beauty and the Beast,,1800000,3
2000,2021-10-10,Films (English),1,The Guilty,,42280000,2
2001,2021-10-10,Films (English),2,There's Someone Inside Your House,,20480000,1
2002,2021-10-10,Films (English),3,Venom,,13920000,1
2003,2021-10-10,Films (English),4,My Little Pony: A New Generation,,13370000,3
2004,2021-10-10,Films (English),5,Titanic,,10270000,1
2005,2021-10-10,Films (English),6,Ride Along 2,,8030000,1
2006,2021-10-10,Films (English),7,Heat,,7650000,1
2007,2021-10-10,Films (English),8,Pokémon the Movie: Secrets of the Jungle,,7520000,1
2008,2021-10-10,Films (English),9,Mr. & Mrs. Smith,,7180000,1
2009,2021-10-10,Films (English),10,Security,,6830000,1
2010,2021-10-10,Films (Non-English),1,Friendzone,,7210000,2
2011,2021-10-10,Films (Non-English),2,The Seven Deadly Sins: Cursed by Light,,4070000,2
2012,2021-10-10,Films (Non-English),3,Sounds Like Love,,3600000,2
2013,2021-10-10,Films (Non-English),4,Confessions of an Invisible Girl,,2730000,3
2014,2021-10-10,Films (Non-English),5,Forever Rich,,2540000,1
2015,2021-10-10,Films (Non-English),6,Thalaivii,,2110000,2
2016,2021-10-10,Films (Non-English),7,Grudge,,1940000,1
2017,2021-10-10,Films (Non-English),8,Luccas Neto em: O Mapa do Tesouro 2,,1830000,1
2018,2021-10-10,Films (Non-English),9,Beauty and the Beast,,1790000,2
2019,2021-10-10,Films (Non-English),10,"My Brother, My Sister",,1670000,1
2040,2021-10-03,Films (English),1,The Guilty,,47600000,1
2041,2021-10-03,Films (English),2,My Little Pony: A New Generation,,24510000,2
2042,2021-10-03,Films (English),3,The Starling,,20130000,2
2043,2021-10-03,Films (English),4,No One Gets Out Alive,,17010000,1
2044,2021-10-03,Films (English),5,Britney Vs Spears,,16750000,1
2045,2021-10-03,Films (English),6,Intrusion,,12050000,2
2046,2021-10-03,Films (English),7,Grown Ups,,8130000,2
2047,2021-10-03,Films (English),8,Kate,,5680000,4
2048,2021-10-03,Films (English),9,Man on Fire,,4960000,3
2049,2021-10-03,Films (English),10,Vivo,,4160000,7
2050,2021-10-03,Films (Non-English),1,Friendzone,,8740000,1
2051,2021-10-03,Films (Non-English),2,Sounds Like Love,,7100000,1
2052,2021-10-03,Films (Non-English),3,Confessions of an Invisible Girl,,6350000,2
2053,2021-10-03,Films (Non-English),4,The Seven Deadly Sins: Cursed by Light,,4650000,1
2054,2021-10-03,Films (Non-English),5,Thalaivii,,3120000,1
2055,2021-10-03,Films (Non-English),6,The Father Who Moves Mountains,,2940000,3
2056,2021-10-03,Films (Non-English),7,Beauty and the Beast,,2740000,1
2057,2021-10-03,Films (Non-English),8,Je Suis Karl,,2140000,1
2058,2021-10-03,Films (Non-English),9,The Stronghold,,1840000,3
2059,2021-10-03,Films (Non-English),10,Freaks – You're One of Us,,1450000,1
2080,2021-09-26,Films (English),1,Intrusion,,30040000,1
2081,2021-09-26,Films (English),2,The Starling,,16670000,1
2082,2021-09-26,Films (English),3,My Little Pony: A New Generation,,15510000,1
2083,2021-09-26,Films (English),4,Man on Fire,,12590000,2
2084,2021-09-26,Films (English),5,Kate,,11280000,3
2085,2021-09-26,Films (English),6,Grown Ups,,9250000,1
2086,2021-09-26,Films (English),7,Schumacher,,8040000,2
2087,2021-09-26,Films (English),8,Safe House,,6930000,2
2088,2021-09-26,Films (English),9,Nightbooks,,6790000,2
2089,2021-09-26,Films (English),10,The Marksman,,5210000,2
2090,2021-09-26,Films (Non-English),1,The Father Who Moves Mountains,,16120000,2
2091,2021-09-26,Films (Non-English),2,The Stronghold,,9490000,2
2092,2021-09-26,Films (Non-English),3,Confessions of an Invisible Girl,,7130000,1
2093,2021-09-26,Films (Non-English),4,Prey,,2330000,3
2094,2021-09-26,Films (Non-English),5,Forgotten We'll Be,,1580000,1
2095,2021-09-26,Films (Non-English),6,Ankahi Kahaniya,,1260000,1
2096,2021-09-26,Films (Non-English),7,Blood Red Sky,,1120000,9
2097,2021-09-26,Films (Non-English),8,Pinkfong & Baby Shark's Space Adventure,,1050000,2
2098,2021-09-26,Films (Non-English),9,Xtreme,,1030000,3
2099,2021-09-26,Films (Non-English),10,Rurouni Kenshin: The Beginning,,930000,7
2120,2021-09-19,Films (English),1,Kate,,37400000,2
2121,2021-09-19,Films (English),2,Schumacher,,17290000,1
2122,2021-09-19,Films (English),3,Man on Fire,,16160000,1
2123,2021-09-19,Films (English),4,The Marksman,,14680000,1
2124,2021-09-19,Films (English),5,Nightbooks,,13160000,1
2125,2021-09-19,Films (English),6,The Equalizer 2,,12310000,1
2126,2021-09-19,Films (English),7,Firedrake the Silver Dragon,,9650000,1
2127,2021-09-19,Films (English),8,Safe House,,9060000,1
2128,2021-09-19,Films (English),9,Afterlife of the Party,,8100000,3
2129,2021-09-19,Films (English),10,First Kill,,6950000,1
2130,2021-09-19,Films (Non-English),1,The Father Who Moves Mountains,,14830000,1
2131,2021-09-19,Films (Non-English),2,Prey,,14270000,2
2132,2021-09-19,Films (Non-English),3,The Stronghold,,10360000,1
2133,2021-09-19,Films (Non-English),4,JJ+E,,3140000,2
2134,2021-09-19,Films (Non-English),5,O Candidato Honesto 2,,2610000,1
2135,2021-09-19,Films (Non-English),6,Ilhados,,2240000,1
2136,2021-09-19,Films (Non-English),7,Love of My Loves,,1880000,2
2137,2021-09-19,Films (Non-English),8,Kung Fu Hustle,,1800000,2
2138,2021-09-19,Films (Non-English),9,The Women and the Murderer,,1470000,2
2139,2021-09-19,Films (Non-English),10,Amores perros,,1450000,1
2160,2021-09-12,Films (English),1,Kate,,38780000,1
2161,2021-09-12,Films (English),2,Afterlife of the Party,,23790000,2
2162,2021-09-12,Films (English),3,Worth,,13560000,2
2163,2021-09-12,Films (English),4,He's All That,,10930000,3
2164,2021-09-12,Films (English),5,SAS: Rise of the Black Swan,,9930000,3
2165,2021-09-12,Films (English),6,In Time,,8930000,1
2166,2021-09-12,Films (English),7,Noah,,7770000,1
2167,2021-09-12,Films (English),8,Vivo,,6960000,6
2168,2021-09-12,Films (English),9,Sweet Girl,,6570000,4
2169,2021-09-12,Films (English),10,Monte Carlo,,6200000,1
2170,2021-09-12,Films (Non-English),1,Prey,,13440000,1
2171,2021-09-12,Films (Non-English),2,JJ+E,,5410000,1
2172,2021-09-12,Films (Non-English),3,Kung Fu Hustle,,3250000,1
2173,2021-09-12,Films (Non-English),4,Invasion,,2990000,2
2174,2021-09-12,Films (Non-English),5,The Women and the Murderer,,2060000,1
2175,2021-09-12,Films (Non-English),6,Blood Red Sky,,1780000,8
2176,2021-09-12,Films (Non-English),7,Love of My Loves,,1530000,1
2177,2021-09-12,Films (Non-English),8,The Secret Diary of an Exchange Student,,1450000,4
2178,2021-09-12,Films (Non-English),9,Out of my league,,1440000,4
2179,2021-09-12,Films (Non-English),10,Lassie Come Home,,1410000,1
2200,2021-09-05,Films (English),1,He's All That,,36730000,2
2201,2021-09-05,Films (English),2,SAS: Rise of the Black Swan,,32730000,2
2202,2021-09-05,Films (English),3,Afterlife of the Party,,26710000,1
2203,2021-09-05,Films (English),4,Sweet Girl,,13390000,3
2204,2021-09-05,Films (English),5,Vivo,,9380000,5
2205,2021-09-05,Films (English),6,The Loud House Movie,,6640000,3
2206,2021-09-05,Films (English),7,Worth,,6480000,1
2207,2021-09-05,Films (English),8,The Secret Life of Pets,,6450000,3
2208,2021-09-05,Films (English),9,Welcome Home Roscoe Jenkins,,6270000,1
2209,2021-09-05,Films (English),10,Green Lantern,,6230000,1
2210,2021-09-05,Films (Non-English),1,Invasion,,7340000,1
2211,2021-09-05,Films (Non-English),2,Out of my league,,2270000,3
2212,2021-09-05,Films (Non-English),3,The Secret Diary of an Exchange Student,,2100000,3
2213,2021-09-05,Films (Non-English),4,Blood Red Sky,,2080000,7
2214,2021-09-05,Films (Non-English),5,Flu,,1830000,1
2215,2021-09-05,Films (Non-English),6,Black Island,,1420000,3
2216,2021-09-05,Films (Non-English),7,Rurouni Kenshin: The Beginning,,1330000,6
2217,2021-09-05,Films (Non-English),8,Thimmarusu,,1220000,1
2218,2021-09-05,Films (Non-English),9,I Don't Know Whether to Slit My Wrists or Leave Them Long,,1130000,1
2219,2021-09-05,Films (Non-English),10,Pinkfong & Baby Shark's Space Adventure,,1120000,1
2240,2021-08-29,Films (English),1,Sweet Girl,,48140000,2
2241,2021-08-29,Films (English),2,He's All That,,42810000,1
2242,2021-08-29,Films (English),3,SAS: Rise of the Black Swan,,35650000,1
2243,2021-08-29,Films (English),4,The Loud House Movie,,16910000,2
2244,2021-08-29,Films (English),5,The Old Ways,,13720000,1
2245,2021-08-29,Films (English),6,Vivo,,13430000,4
2246,2021-08-29,Films (English),7,The Witcher: Nightmare of the Wolf,,13300000,1
2247,2021-08-29,Films (English),8,The Secret Life of Pets,,10860000,2
2248,2021-08-29,Films (English),9,The Kissing Booth 3,,9560000,3
2249,2021-08-29,Films (English),10,Tomb Raider,,8430000,1
2250,2021-08-29,Films (Non-English),1,Black Island,,6570000,2
2251,2021-08-29,Films (Non-English),2,Out of my league,,5790000,2
2252,2021-08-29,Films (Non-English),3,The Secret Diary of an Exchange Student,,5090000,2
2253,2021-08-29,Films (Non-English),4,Blood Red Sky,,3020000,6
2254,2021-08-29,Films (Non-English),5,Rurouni Kenshin: The Beginning,,2280000,5
2255,2021-08-29,Films (Non-English),6,The Last Mercenary,,2000000,5
2256,2021-08-29,Films (Non-English),7,El infierno,,1560000,4
2257,2021-08-29,Films (Non-English),8,Mimi,,1510000,5
2258,2021-08-29,Films (Non-English),9,Bartkowiak,,1460000,3
2259,2021-08-29,Films (Non-English),10,Shiny_Flakes: The Teenage Drug Lord,,1440000,4
2280,2021-08-22,Films (English),1,Sweet Girl,,57160000,1
2281,2021-08-22,Films (English),2,The Kissing Booth 3,,26170000,2
2282,2021-08-22,Films (English),3,Beckett,,23870000,2
2283,2021-08-22,Films (English),4,Vivo,,21960000,3
2284,2021-08-22,Films (English),5,The Loud House Movie,,13860000,1
2285,2021-08-22,Films (English),6,The Secret Life of Pets,,10110000,1
2286,2021-08-22,Films (English),7,Hotel Transylvania 3: Summer Vacation,,8550000,3
2287,2021-08-22,Films (English),8,The Girl Next Door,,6900000,1
2288,2021-08-22,Films (English),9,Alvin and the Chipmunks: Chipwrecked,,6870000,1
2289,2021-08-22,Films (English),10,Resort to Love,,6320000,4
2290,2021-08-22,Films (Non-English),1,Black Island,,17330000,1
2291,2021-08-22,Films (Non-English),2,The Secret Diary of an Exchange Student,,7910000,1
2292,2021-08-22,Films (Non-English),3,Out of my league,,7120000,1
2293,2021-08-22,Films (Non-English),4,Blood Red Sky,,4520000,5
2294,2021-08-22,Films (Non-English),5,Rurouni Kenshin: The Beginning,,3630000,4
2295,2021-08-22,Films (Non-English),6,The Last Mercenary,,3340000,4
2296,2021-08-22,Films (Non-English),7,Sputnik,,3290000,1
2297,2021-08-22,Films (Non-English),8,El infierno,,2650000,3
2298,2021-08-22,Films (Non-English),9,Mimi,,2340000,4
2299,2021-08-22,Films (Non-English),10,Shiny_Flakes: The Teenage Drug Lord,,2250000,3
2320,2021-08-15,Films (English),1,The Kissing Booth 3,,90860000,1
2321,2021-08-15,Films (English),2,Vivo,,37050000,2
2322,2021-08-15,Films (English),3,Beckett,,23580000,1
2323,2021-08-15,Films (English),4,Hotel Transylvania 3: Summer Vacation,,21460000,2
2324,2021-08-15,Films (English),5,Aftermath,,15870000,2
2325,2021-08-15,Films (English),6,Resort to Love,,9860000,3
2326,2021-08-15,Films (English),7,The Kissing Booth,,8590000,1
2327,2021-08-15,Films (English),8,The Kissing Booth 2,,8370000,1
2328,2021-08-15,Films (English),9,Dead Man Down,,7580000,2
2329,2021-08-15,Films (English),10,Untold: Malice at the Palace,,6450000,1
2330,2021-08-15,Films (Non-English),1,The Swarm,,11470000,2
2331,2021-08-15,Films (Non-English),2,The Last Mercenary,,7570000,3
2332,2021-08-15,Films (Non-English),3,Rurouni Kenshin: The Beginning,,6550000,3
2333,2021-08-15,Films (Non-English),4,Blood Red Sky,,6470000,4
2334,2021-08-15,Films (Non-English),5,El infierno,,4890000,2
2335,2021-08-15,Films (Non-English),6,Mimi,,3630000,3
2336,2021-08-15,Films (Non-English),7,Shiny_Flakes: The Teenage Drug Lord,,3440000,2
2337,2021-08-15,Films (Non-English),8,Rurouni Kenshin: The Final,,2820000,3
2338,2021-08-15,Films (Non-English),9,Navarasa,Navarasa: Volume 1,2800000,2
2339,2021-08-15,Films (Non-English),10,Kingdom: Ashin of the North,,2190000,4
2360,2021-08-08,Films (English),1,Aftermath,,24200000,1
2361,2021-08-08,Films (English),2,Resort to Love,,23480000,2
2362,2021-08-08,Films (English),3,Vivo,,21940000,1
2363,2021-08-08,Films (English),4,The Vault,,10870000,1
2364,2021-08-08,Films (English),5,The Losers,,8040000,1
2365,2021-08-08,Films (English),6,The Last Letter From Your Lover,,6850000,3
2366,2021-08-08,Films (English),7,Hotel Transylvania 3: Summer Vacation,,6250000,1
2367,2021-08-08,Films (English),8,Dead Man Down,,5840000,1
2368,2021-08-08,Films (English),9,Wish Dragon,,5150000,5
2369,2021-08-08,Films (English),10,World Trade Center,,5050000,1
2370,2021-08-08,Films (Non-English),1,The Last Mercenary,,23890000,2
2371,2021-08-08,Films (Non-English),2,Rurouni Kenshin: The Beginning,,15080000,2
2372,2021-08-08,Films (Non-English),3,Blood Red Sky,,13300000,3
2373,2021-08-08,Films (Non-English),4,The Swarm,,11380000,1
2374,2021-08-08,Films (Non-English),5,Mimi,,5140000,2
2375,2021-08-08,Films (Non-English),6,Bartkowiak,,4570000,2
2376,2021-08-08,Films (Non-English),7,El infierno,,4420000,1
2377,2021-08-08,Films (Non-English),8,Navarasa,Navarasa: Volume 1,3520000,1
2378,2021-08-08,Films (Non-English),9,Kingdom: Ashin of the North,,3450000,3
2379,2021-08-08,Films (Non-English),10,Shiny_Flakes: The Teenage Drug Lord,,3340000,1
2400,2021-08-01,Films (English),1,Resort to Love,,28050000,1
2401,2021-08-01,Films (English),2,The Last Letter From Your Lover,,18890000,2
2402,2021-08-01,Films (English),3,Trollhunters: Rise of the Titans,,8960000,2
2403,2021-08-01,Films (English),4,Fear Street Part 1: 1994,,6570000,5
2404,2021-08-01,Films (English),5,Wish Dragon,,6290000,4
2405,2021-08-01,Films (English),6,Fear Street Part 3: 1666,,6190000,3
2406,2021-08-01,Films (English),7,Twilight,,5840000,3
2407,2021-08-01,Films (English),8,Fear Street Part 2: 1978,,5840000,4
2408,2021-08-01,Films (English),9,The Twilight Saga: Breaking Dawn: Part 2,,5200000,2
2409,2021-08-01,Films (English),10,The Twilight Saga: New Moon,,5030000,2
2410,2021-08-01,Films (Non-English),1,Blood Red Sky,,52370000,2
2411,2021-08-01,Films (Non-English),2,The Last Mercenary,,16120000,1
2412,2021-08-01,Films (Non-English),3,Kingdom: Ashin of the North,,15120000,2
2413,2021-08-01,Films (Non-English),4,Mimi,,9210000,1
2414,2021-08-01,Films (Non-English),5,Bartkowiak,,9210000,1
2415,2021-08-01,Films (Non-English),6,Rurouni Kenshin: The Beginning,,8610000,1
2416,2021-08-01,Films (Non-English),7,Chernobyl 1986,,5570000,2
2417,2021-08-01,Films (Non-English),8,A Perfect Fit,,3130000,3
2418,2021-08-01,Films (Non-English),9,Major Grom: Plague Doctor,,2770000,4
2419,2021-08-01,Films (Non-English),10,Words Bubble Up Like Soda Pop,,2180000,1
2440,2021-07-25,Films (English),1,Trollhunters: Rise of the Titans,,16130000,1
2441,2021-07-25,Films (English),2,The Last Letter From Your Lover,,13140000,1
2442,2021-07-25,Films (English),3,Twilight,,12550000,2
2443,2021-07-25,Films (English),4,Fear Street Part 3: 1666,,12350000,2
2444,2021-07-25,Films (English),5,The Twilight Saga: New Moon,,10320000,1
2445,2021-07-25,Films (English),6,Fear Street Part 1: 1994,,9240000,4
2446,2021-07-25,Films (English),7,The Twilight Saga: Breaking Dawn: Part 2,,9240000,1
2447,2021-07-25,Films (English),8,The Twilight Saga: Eclipse,,9220000,1
2448,2021-07-25,Films (English),9,Fear Street Part 2: 1978,,9100000,3
2449,2021-07-25,Films (English),10,The Twilight Saga: Breaking Dawn: Part 1,,8250000,1
2450,2021-07-25,Films (Non-English),1,Blood Red Sky,,35930000,1
2451,2021-07-25,Films (Non-English),2,Kingdom: Ashin of the North,,16380000,1
2452,2021-07-25,Films (Non-English),3,Chernobyl 1986,,8250000,1
2453,2021-07-25,Films (Non-English),4,A Perfect Fit,,8000000,2
2454,2021-07-25,Films (Non-English),5,Major Grom: Plague Doctor,,7190000,3
2455,2021-07-25,Films (Non-English),6,The Guide to the Perfect Family,,4580000,2
2456,2021-07-25,Films (Non-English),7,A Classic Horror Story,,4060000,2
2457,2021-07-25,Films (Non-English),8,Deep,,3200000,1
2458,2021-07-25,Films (Non-English),9,Tô Ryca,,2930000,2
2459,2021-07-25,Films (Non-English),10,Haseen Dillruba,,2620000,4
2480,2021-07-18,Films (English),1,Fear Street Part 3: 1666,,20080000,1
2481,2021-07-18,Films (English),2,Fear Street Part 2: 1978,,16820000,2
2482,2021-07-18,Films (English),3,Fear Street Part 1: 1994,,14370000,3
2483,2021-07-18,Films (English),4,Gunpowder Milkshake,,11770000,1
2484,2021-07-18,Films (English),5,The Water Man,,11630000,1
2485,2021-07-18,Films (English),6,This Little Love of Mine,,8810000,2
2486,2021-07-18,Films (English),7,Wish Dragon,,8550000,3
2487,2021-07-18,Films (English),8,Fatherhood,,7790000,3
2488,2021-07-18,Films (English),9,Twilight,,7640000,1
2489,2021-07-18,Films (English),10,Rust Creek,,6560000,1
2490,2021-07-18,Films (Non-English),1,Major Grom: Plague Doctor,,21050000,2
2491,2021-07-18,Films (Non-English),2,How I Became a Superhero,,9860000,2
2492,2021-07-18,Films (Non-English),3,A Classic Horror Story,,9090000,1
2493,2021-07-18,Films (Non-English),4,The Guide to the Perfect Family,,5130000,1
2494,2021-07-18,Films (Non-English),5,Haseen Dillruba,,4430000,3
2495,2021-07-18,Films (Non-English),6,A Perfect Fit,,3170000,1
2496,2021-07-18,Films (Non-English),7,Last Summer,,2420000,2
2497,2021-07-18,Films (Non-English),8,Tô Ryca,,2210000,1
2498,2021-07-18,Films (Non-English),9,The 8th Night,,1860000,3
2499,2021-07-18,Films (Non-English),10,Silver Skates,,1780000,3
2520,2021-07-11,Films (English),1,Fear Street Part 1: 1994,,19550000,2
2521,2021-07-11,Films (English),2,Fear Street Part 2: 1978,,16060000,1
2522,2021-07-11,Films (English),3,Fatherhood,,12830000,2
2523,2021-07-11,Films (English),4,Warcraft,,10990000,2
2524,2021-07-11,Films (English),5,Wish Dragon,,10590000,2
2525,2021-07-11,Films (English),6,This Little Love of Mine,,9390000,1
2526,2021-07-11,Films (English),7,Mother's Day,,9200000,1
2527,2021-07-11,Films (English),8,How to Train Your Dragon: The Hidden World,,9030000,1
2528,2021-07-11,Films (English),9,Kung Fu Panda 3,,8870000,2
2529,2021-07-11,Films (English),10,The Huntsman: Winter's War,,7460000,1
2530,2021-07-11,Films (Non-English),1,Major Grom: Plague Doctor,,26150000,1
2531,2021-07-11,Films (Non-English),2,Haseen Dillruba,,10210000,2
2532,2021-07-11,Films (Non-English),3,How I Became a Superhero,,8820000,1
2533,2021-07-11,Films (Non-English),4,The 8th Night,,5960000,2
2534,2021-07-11,Films (Non-English),5,Silver Skates,,3110000,2
2535,2021-07-11,Films (Non-English),6,Rurouni Kenshin: The Final,,2570000,2
2536,2021-07-11,Films (Non-English),7,Dynasty Warriors,,2420000,2
2537,2021-07-11,Films (Non-English),8,Xtreme,,1710000,2
2538,2021-07-11,Films (Non-English),9,O Candidato Honesto,,1280000,1
2539,2021-07-11,Films (Non-English),10,Last Summer,,1270000,1
2560,2021-07-04,Films (English),1,Fatherhood,,25680000,1
2561,2021-07-04,Films (English),2,Fear Street Part 1: 1994,,16620000,1
2562,2021-07-04,Films (English),3,Wish Dragon,,15260000,1
2563,2021-07-04,Films (English),4,The Ice Road,,13690000,1
2564,2021-07-04,Films (English),5,Good on Paper,,10580000,1
2565,2021-07-04,Films (English),6,Kung Fu Panda 3,,7690000,1
2566,2021-07-04,Films (English),7,Warcraft,,7650000,1
2567,2021-07-04,Films (English),8,Fatale,,6460000,1
2568,2021-07-04,Films (English),9,Skylines,,6130000,1
2569,2021-07-04,Films (English),10,The Mitchells vs. The Machines,,4890000,1
2570,2021-07-04,Films (Non-English),1,Silver Skates,,7390000,1
2571,2021-07-04,Films (Non-English),2,Haseen Dillruba,,7370000,1
2572,2021-07-04,Films (Non-English),3,Rurouni Kenshin: The Final,,5340000,1
2573,2021-07-04,Films (Non-English),4,The 8th Night,,4480000,1
2574,2021-07-04,Films (Non-English),5,Dynasty Warriors,,4100000,1
2575,2021-07-04,Films (Non-English),6,Security,,2950000,1
2576,2021-07-04,Films (Non-English),7,Murder by the Coast,,2690000,1
2577,2021-07-04,Films (Non-English),8,Xtreme,,2650000,1
2578,2021-07-04,Films (Non-English),9,Rurouni Kenshin: Origins,,2150000,1
2579,2021-07-04,Films (Non-English),10,Prime Time,,2080000,1
